pred,kWh,seasonality
5005935.82730018,4992377.298,168
4781250.015048526,4781911.091375001,168
4650001.544537641,4645118.083374999,168
4462067.1728108,4447286.931875001,168
4224368.26709773,4221513.2945,168
4236707.846453879,4275782.98675,168
4398182.441354927,4442472.4065000005,168
4567910.214570679,4628467.8065,168
4850335.311170202,4891606.903124999,168
5054793.044486936,5078900.5622499995,168
5109176.063483924,5133744.50375,168
5179508.259851132,5228612.564375,168
5093598.929195974,5192377.946375,168
4996582.824567083,5070856.218125,168
4865861.404781356,5059528.241125,168
4816804.697303556,5024532.1431249995,168
4839402.986580439,5084404.780875,168
4967936.251618825,5193279.17925,168
5120866.842533104,5285534.4415,168
5118657.6905294955,5231946.739125,168
5036063.918254398,5102613.2715,168
4995319.665130388,5014024.263875,168
5046642.483202308,5019488.309,168
4844974.815384828,4792773.51675,168
4501212.041151419,4588989.187999999,168
4316155.61478655,4471721.92175,168
4181326.2328313664,4321234.912625,168
4023987.644185737,4126455.9790000003,168
3816691.1418639496,3931752.433125,168
3740070.555588335,3857963.219125,168
3786530.703277573,3917679.9483749997,168
3831827.138780594,4073717.6975000002,168
4057075.787452504,4331445.649750001,168
4285833.544124119,4594054.70975,168
4382741.980305612,4715863.998,168
4452682.418452963,4846766.171375001,168
4429375.609761871,4809639.10775,168
4319278.060359299,4617898.736125,168
4175495.3889188915,4535643.349625,168
4185343.848165408,4535184.203125,168
4251806.14260608,4566927.933125,168
4542964.187247768,4777017.23025,168
4835823.940885894,5028645.63275,168
4936395.530696411,5059314.291875,168
4914118.155394539,5044363.519875,168
4893838.952985235,5012898.9125,168
4907022.935393274,5050708.621,168
4559361.124842249,4761913.497625,168
4478955.259478666,4531579.652999999,168
4350724.431559689,4411999.596875,168
4295162.131720327,4333519.314125,168
4202438.361514196,4204024.322625,168
4142705.485427767,4128770.867,168
4517456.61351043,4465603.84675,168
5296896.0843008235,5238514.2405,168
6019240.789519548,5975573.137375,168
6441445.89223396,6330126.298874999,168
6469365.239420734,6339004.248625001,168
6566761.097813562,6451519.0967500005,168
6739582.0588206425,6659334.7042499995,168
6403190.026359037,6297372.454,168
6458125.531235069,6263059.0505,168
6384000.256304219,6126278.593125001,168
6262475.907639533,6012249.762124999,168
6165528.531860091,5958786.069125,168
6103097.706843682,5909348.124500001,168
6194339.6841656715,5983329.107125,168
6065028.9317994565,5874202.09325,168
5853809.053059995,5718628.883125001,168
5745699.633635618,5656686.241375,168
5635076.784325682,5602387.7265,168
5283719.452681765,5194917.779625,168
4786130.630838864,4984820.305,168
4608938.321224414,4824486.195875,168
4469421.533485845,4642583.113125,168
4275972.208404034,4478557.040624999,168
4149365.938367136,4365142.476,168
4477807.719978966,4722788.48875,168
5166136.507959649,5384357.5825,168
5860497.243303157,6066712.083375,168
6227242.608455032,6393172.818875,168
6257899.527823642,6424697.614625,168
6333532.580819055,6493071.5057500005,168
6517189.775323831,6685052.17625,168
6122133.403859317,6293650.576,168
6135557.516512714,6301211.6055,168
6023889.453755751,6172996.461124999,168
5979455.322817646,6133324.582125001,168
5979082.6324500665,6074333.467125,168
5976627.086704619,6032271.8555,168
6035493.400427446,6097641.604125,168
5875913.5206471905,6002771.80225,168
5674231.398744203,5816234.230125,168
5561013.9051038325,5722594.104374999,168
5468285.526065275,5665226.8755,168
5081973.236828715,5263810.021625,168
4904493.231347248,4972959.776,168
4719301.897871129,4810859.865875,168
4551638.556775138,4671729.241125,168
4389924.292575665,4523665.997625,168
4268763.633345716,4416941.465,168
4562947.855262026,4743397.38475,168
5274437.5088010505,5462736.7915,168
6015071.711915605,6167420.440375,168
6426082.872946821,6567198.600875,168
6474119.324793048,6688324.765625,168
6576904.645916291,6861892.08675,168
6653698.124587342,7002843.98725,168
6273590.24840299,6571904.007999999,168
6249908.119324975,6529628.276500001,168
6207818.303547926,6329183.892124999,168
6153087.424066983,6179490.646125,168
6055948.526305914,6071185.955125,168
5951119.724368863,6024212.3375,168
5995555.082275055,6104820.261124999,168
5878391.11125645,5960936.55625,168
5674632.153963879,5722960.205125,168
5563244.545042656,5625310.025375,168
5498313.614475973,5556457.9315,168
5110706.062051475,5239181.342625,168
4858173.3414577395,4945640.501,168
4681230.534555696,4774176.813875,168
4544622.100758962,4705956.008125,168
4364923.854914308,4536188.138625001,168
4228985.386836819,4404050.0479999995,168
4527279.180736512,4728756.84275,168
5223593.70061589,5400589.2045,168
5920095.404257573,6062532.747375,168
6316180.993894748,6308385.804874999,168
6359026.329186611,6236908.710625,168
6497662.64946086,6379117.2897499995,168
6695201.612726919,6516994.548250001,168
6381742.289186448,6160798.201,168
6438467.046022415,6179516.0805,168
6383694.797809914,6109938.270125,168
6311010.6367388815,6028090.579125,168
6319446.422890946,5984295.572125,168
6313496.156463683,5913353.871499999,168
6426601.487404905,5980830.565125,168
6207873.825776614,5890981.731249999,168
5842500.600649558,5717842.957125001,168
5634993.69884,5623975.988375001,168
5518777.935291514,5609448.6844999995,168
5155770.7077942565,5241972.198625,168
4901574.699216992,4989902.75,168
4753899.967318647,4782990.377875,168
4568767.938534342,4628228.084125,168
4407443.820894644,4464664.740625,168
4266628.017413668,4363396.524,168
4570443.487943694,4664438.73575,168
5279563.275506906,5312713.0105,168
6021059.762354635,5906990.845375,168
6398543.392360337,6197744.809875,168
6471374.290390581,6225793.532625,168
6593334.705355585,6331824.12875,168
6739188.721515864,6440100.57325,168
6372633.5094402805,6081924.676,168
6303880.115507379,6068991.7225,168
6221431.062733084,5992592.381124999,168
6070108.210318744,5896814.116125001,168
5980114.7335006,5803598.903125,168
6030022.05654069,5853227.2355,168
6105125.10428492,5982935.280125,168
5962690.248061806,5891643.86425,168
5789030.752286777,5672605.423125001,168
5669808.445499696,5578344.2653749995,168
5640164.238514766,5537549.7685,168
5341335.781997129,5251386.533625,168
4905126.7562675625,5081150.291,168
4698480.52901049,4862024.586375,168
4546194.977311045,4643104.6123750005,168
4348056.514529988,4400429.887875,168
4126020.997912742,4193976.8175,168
4147804.530918427,4255116.5907499995,168
4323082.76845926,4447707.7655,168
4491012.943596497,4656275.0505,168
4766990.515166886,4975028.8651250005,168
4969783.015479185,5195830.66225,168
5021833.950385407,5333116.23475,168
5083213.670589782,5352051.309375,168
5043010.36869213,5225632.585375,168
4938485.772207208,5090428.914125,168
4801533.047645114,4952516.958125,168
4731108.017308973,4867355.288125,168
4790197.307483286,4842019.529875,168
4910397.483229265,4978752.15025,168
5065732.812950715,5156725.2805,168
5049534.4218487665,5181208.408125,168
4985148.921806224,5055682.490499999,168
4938063.959260561,5032494.029874999,168
4997958.986312047,5098684.836999999,168
4768976.618053615,4860945.25375,168
4488314.859644249,4672638.82,168
4340666.00290437,4525891.42875,168
4211828.075228736,4356947.956625,168
4021920.721176386,4158299.119,168
3817262.4701530337,3971635.684125,168
3731575.1316598356,3905643.5631250003,168
3795983.665159084,3928504.459375,168
3878800.845786117,3999995.3575,168
4113164.5976504534,4186828.5117500005,168
4350635.218421094,4373169.43375,168
4454944.348928332,4481764.819999999,168
4568953.206536755,4599156.533375,168
4552846.708928414,4619495.963749999,168
4424004.130971566,4507231.470125,168
4306976.591081679,4420652.534625,168
4350442.707781956,4458533.773125,168
4441083.307898417,4620088.029124999,168
4706909.683922462,4846375.85325,168
5007034.347211778,5112530.135749999,168
5094762.270942748,5193047.658875,168
5113006.199013747,5164776.804874999,168
5106635.524024665,5197100.5665,168
5146797.33432664,5262806.0819999995,168
4832409.257462338,4907281.339625,168
4489132.272028796,4682545.051,168
4337719.192926504,4532423.626875,168
4267368.034256831,4460769.972125,168
4142018.2366904393,4323827.022625,168
4063526.546459943,4263008.296999999,168
4386948.036126144,4605152.3467500005,168
5135030.3628986105,5330506.9245,168
5836707.246133469,6112326.848375,168
6228785.572943971,6542202.144875,168
6272088.230341561,6608214.850625,168
6360604.525462367,6684080.48375,168
6539388.498555742,6774555.01725,168
6200575.0154201165,6422013.18,168
6221892.923117079,6433928.609499999,168
6125539.022022821,6353133.057124999,168
5997363.605414182,6292348.492125,168
5942172.105258405,6197352.953125,168
5907914.076416492,6161493.9325,168
5972682.570038356,6227695.027125,168
5893343.586385123,6112485.20625,168
5699378.845425114,5970819.678125001,168
5593927.681283928,5848066.525375,168
5528648.047131844,5793474.2555,168
5142896.554954551,5406733.160625,168
4954559.748232216,5124123.972,168
4793531.872714676,4942562.366875,168
4621958.630494937,4801411.689125,168
4432502.879672885,4613385.415624999,168
4310319.629930347,4466598.841,168
4649003.264119275,4745019.56475,168
5320066.257471137,5457387.6095,168
5999718.96389053,6148260.154375,168
6367542.570180103,6510598.9418750005,168
6395095.482217103,6605165.6096250005,168
6446192.960727662,6713533.075750001,168
6648976.960710175,6780504.54325,168
6249909.917157888,6492299.427,168
6261227.617635027,6539997.7345,168
6119359.988842383,6487995.331125,168
6080055.185366012,6425217.1431249995,168
6038299.551218733,6381411.652125,168
6026100.519641891,6394850.3535,168
6083959.833780453,6481769.7681249995,168
5952437.327501461,6391051.12125,168
5783145.297680743,6207954.833125,168
5692028.981361151,6002422.213375,168
5636141.490088217,5749402.0065,168
5273830.89742212,5379409.295625,168
4912271.311013512,5126754.512,168
4739998.24005641,4900244.893874999,168
4579724.6356529,4818173.283125,168
4415078.437084295,4642539.225625001,168
4301024.7845079675,4547749.623,168
4603406.380419679,4893098.4657499995,168
5323550.115647092,5628502.943499999,168
6050840.978076637,6310148.385375001,168
6457247.188376792,6609374.404874999,168
6496746.1281681135,6753040.296625,168
6623819.099831112,6952138.406749999,168
6721963.550110504,7129770.560249999,168
6274517.978477776,6874627.001,168
6212316.2033787,6942636.7905,168
6134201.39295277,6804889.829125,168
6036773.393012032,6696405.036125,168
5959543.991496444,6657128.426124999,168
5918118.257488273,6560615.0725,168
5971916.259052359,6572825.055125,168
5844771.6475388035,6323246.912249999,168
5610589.954020359,6005315.813125001,168
5493557.513854757,5761885.233375001,168
5424170.36878977,5646591.0295,168
5062941.945703924,5263604.527625,168
4745364.380692281,5001240.091,168
4559230.778996326,4794450.999875,168
4439663.908242002,4710275.428125,168
4261775.201537572,4517655.112625001,168
4139827.5914738104,4387517.722,168
4439306.256792553,4669346.15475,168
5105330.6547646895,5354038.4465,168
5767388.917325243,6076904.348375,168
6072232.071493275,6517393.475875,168
6050136.926555626,6517416.124624999,168
6161725.931236349,6575506.571749999,168
6291527.19876381,6669320.524250001,168
5953803.476239227,6282126.688,168
5961430.249620557,6273507.969500001,168
5889037.46116481,6115876.702125001,168
5842965.932561867,5961596.010125,168
5856038.225167744,5895844.333125,168
5819423.768656768,5877450.3145,168
5882540.599901013,5904997.427125,168
5728560.775246419,5819205.54525,168
5474720.201771162,5666774.883125,168
5323200.74495247,5576212.008374999,168
5231407.694893755,5499229.9865,168
4871804.548275925,5149153.829624999,168
4709805.3204052,4877735.056,168
4537497.765168861,4707708.129875,168
4354085.002262771,4589595.633125,168
4193233.013828002,4420372.357625,168
4038571.7132878453,4304668.594,168
4351853.716831453,4580502.5057500005,168
5051031.701191708,5191590.3305,168
5744591.4674142,5775974.056375,168
6126947.025345266,6068085.596875,168
6202950.276900195,6129942.926625,168
6324255.822018981,6200205.210750001,168
6456922.161313124,6272808.592250001,168
6105706.991067007,6007854.182,168
6088154.643865615,5988477.4245,168
5993407.571578205,5915274.812125,168
5850600.829913408,5823904.690125,168
5742396.701221995,5671652.878125,168
5784610.676917933,5745927.1275,168
5862480.193390548,5850655.173125001,168
5736814.911518954,5800503.830250001,168
5512584.572412439,5631226.408125,168
5374348.851324923,5507372.735375,168
5312503.105918288,5474919.428499999,168
5031713.364934839,5185717.046625,168
4778959.146616273,4977610.158,168
4562194.402724966,4822051.856375,168
4374071.655305296,4588843.434375,168
4148566.0946593583,4351297.442875,168
3926690.4414217398,4136418.5785,168
3980759.8802041113,4156978.9717500005,168
4154583.324562639,4339583.2325,168
4347185.679677755,4466133.7065,168
4637490.290777117,4773891.970125,168
4845135.602115363,4969899.48325,168
4945636.50433813,5066710.858750001,168
5015854.8773332685,5125126.4473749995,168
4949324.962666325,5064822.776374999,168
4835346.2717591,5053556.040125,168
4820804.235515729,5048830.934125001,168
4785003.497300655,5076739.144125,168
4824333.961185388,5016965.095875,168
4944088.1159483865,5110752.223250001,168
5092007.607557252,5257338.5655,168
5076510.290520474,5307888.554125,168
4962197.793509953,5195769.6835,168
4909373.504520766,5111028.345875001,168
4946180.812858418,5108590.864999999,168
4714611.068532668,4867857.30975,168
4451227.495956764,4649082.706,168
4315217.988088168,4496306.178749999,168
4145123.471121222,4291509.418625,168
3944611.4199369326,4088522.701,168
3741194.64426478,3918493.262125,168
3658464.81515038,3871047.5311249997,168
3694508.0083399788,3900015.8723750003,168
3800404.5845014676,3935894.1955,168
4011765.5770929903,4118881.0947499997,168
4223858.836850509,4337890.58275,168
4323249.467712946,4475136.3209999995,168
4435060.133740485,4607559.385375001,168
4435125.527689338,4617429.54175,168
4263841.166295312,4480606.085124999,168
4194811.220563397,4370081.017625,168
4187840.30048199,4314351.748125,168
4268253.126154602,4378725.695125,168
4477569.828812964,4642712.505249999,168
4714050.692417473,4926408.176750001,168
4759476.098471075,5002264.178875,168
4721531.084015332,4932098.2088750005,168
4707225.284213088,4969114.5375,168
4745641.167092435,5026703.961999999,168
4420072.917384408,4740953.067625,168
4306608.008713298,4509977.483,168
4168242.02131398,4344101.557875,168
4108895.5586425215,4268221.936125,168
3973313.7331239507,4115621.680625,168
3902019.8970857263,4091970.596,168
4237855.570299789,4495895.66975,168
4984518.991762422,5132350.337499999,168
5732239.148961067,5757966.805375,168
6124673.525276497,6136977.454875,168
6149540.014928624,6211328.389625,168
6245872.968945898,6259694.28975,168
6409716.619305588,6366849.826249999,168
6064713.972551018,6056920.087,168
6072404.780666359,6084691.1655,168
5943053.13748014,6004455.930125,168
5840262.939863868,5968570.725125,168
5789578.697056621,5913331.408124999,168
5746473.405965894,5883890.1435,168
5813021.88480334,5977115.752125001,168
5708053.099064201,5868855.24425,168
5559668.87215209,5657259.834125,168
5465001.609323122,5540651.919375,168
5407632.492178559,5440719.978499999,168
5010752.569685452,5096746.6606250005,168
4650770.860057212,4838240.982000001,168
4492146.153744236,4686061.755875,168
4326167.790199257,4555571.020125,168
4150836.1236040443,4386487.333625,168
4025365.174859479,4256010.526,168
4346273.65393547,4612742.59575,168
5032256.975402467,5186234.0525,168
5720307.089892656,5781241.122375,168
6063227.436964087,6102700.032875,168
6117644.321340464,6129193.894625,168
6208275.619508967,6226190.41175,168
6350608.45265422,6327577.55325,168
6007844.0901200995,6217231.614,168
6046238.255999386,6614938.3165,168
5960742.773189001,6557036.403125,168
5896309.603317596,6402784.386125,168
5805182.272864699,6144799.605125,168
5746561.330456413,6022492.2195,168
5836037.263948068,6086214.345124999,168
5715716.967893079,5937280.70925,168
5516174.878224894,5744424.979125001,168
5356736.470197342,5661940.142375,168
5201223.577165112,5568500.7605,168
4811927.503526181,5159889.477624999,168
4664866.770102955,4886718.6049999995,168
4469074.836089149,4708537.462874999,168
4479684.783800848,4603508.591125,168
4322893.10129232,4429618.204625,168
4227043.242964856,4307352.475,168
4561326.464085162,4658534.36575,168
5289720.910129443,5261999.6334999995,168
5990363.203948192,5931463.499375001,168
6348493.476922579,6314897.064875,168
6470164.346845567,6372642.860625,168
6644582.155604094,6466993.87175,168
6806670.31613785,6572126.208249999,168
6445236.519779429,6277868.755,168
6474173.33645647,6231375.131500001,168
6339513.9838728085,6121010.074125,168
6219037.132589281,6028885.437124999,168
6145771.735465042,5958849.366125001,168
6078946.730495304,6008374.6245,168
6140358.975994401,5972195.897125,168
5960387.639076769,5843581.186249999,168
5683266.120063193,5628884.804125,168
5531052.86115969,5575111.905375,168
5443900.995570995,5517896.666499999,168
5093044.561292045,5103903.873625001,168
4583797.204633549,4866331.739,168
4391324.922282875,4663181.347875,168
4331216.104990423,4533793.328125,168
4158917.284481272,4353768.144625001,168
4034719.9255657047,4231817.609,168
4339144.5583194345,4512756.26275,168
5015740.237012416,5134801.5075,168
5700893.27694466,5741850.151375,168
6028175.284019791,6052433.766875,168
5985861.170402177,6044597.344625001,168
6088427.044731215,6083688.39275,168
6211889.044640884,6125680.276250001,168
5841558.991306528,5837873.194,168
5852395.36958468,5845215.6545,168
5742234.07888528,5766491.752125,168
5632726.975951143,5689783.077125,168
5590648.258201711,5694165.388125,168
5532978.920571275,5708664.9675,168
5581535.699786596,5796374.847124999,168
5488323.6346769035,5694308.84725,168
5307835.941636637,5552345.140125,168
5208944.240688324,5488427.429375,168
5158528.410559416,5399016.4305,168
4798935.560791373,5040863.366625,168
4570766.115663439,4803048.9120000005,168
4382113.339859918,4626129.610874999,168
4246312.983805716,4488614.233124999,168
4091717.4915065914,4318441.419625,168
3986125.1501948684,4186184.0519999997,168
4282251.439424381,4452342.95275,168
4926590.084299043,5030175.260500001,168
5531776.158243179,5698624.089375,168
5828893.776597306,6111271.679874999,168
5878089.607361183,6199645.8936250005,168
5959095.669775873,6363770.1077499995,168
6049287.253138199,6407048.137250001,168
5712016.687854812,6056087.959000001,168
5680063.89234741,5907754.1035,168
5581500.323473647,5772640.505125,168
5462653.4841097,5679076.828125,168
5326953.068622485,5591415.482124999,168
5375032.3404084295,5607067.9665,168
5462683.540822089,5649459.850125,168
5355074.950543717,5513202.33125,168
5141307.223234475,5330141.221125,168
5009942.524146423,5221543.420375001,168
4953549.462462798,5145644.1885,168
4657676.221191093,4870804.537625,168
4474976.103271365,4682545.364,168
4285027.9098097235,4523004.196374999,168
4046404.4481259733,4375085.114375,168
3812375.1114483327,4180718.943875,168
3603390.460222572,3970520.6085,168
3651488.38052921,4005197.48575,168
3840512.840072632,4145745.5415,168
4014619.9202331156,4283440.0035,168
4326299.627442703,4526781.079125,168
4530705.635236546,4700417.66625,168
4646260.054808691,4780219.24675,168
4680557.090853214,4829333.092375,168
4575163.409870565,4733462.996375,168
4483526.890644282,4648173.390125,168
4416240.643010065,4556306.796125,168
4382519.3672578335,4529854.144125,168
4330955.906302154,4537015.901875,168
4450447.366417021,4674110.98525,168
4603561.324966937,4800399.7495,168
4626138.317865029,4777901.215125,168
4502872.158097684,4735674.692500001,168
4442636.238466278,4751738.761875,168
4474786.576646656,4770107.438,168
4227430.354358554,4527260.34975,168
4112091.8411183357,4340521.213,168
3960048.8350313455,4182961.65875,168
3785366.714086771,4085534.676625,168
3584840.266562775,3908085.645,168
3408080.317314893,3730732.4801250002,168
3348334.028312683,3696704.799125,168
3375112.1302295923,3735841.032375,168
3441533.512161687,3786086.5245,168
3627487.952897221,3964674.0747499997,168
3838813.429387346,4120397.45775,168
3967222.43564561,4208962.41,168
4101871.285672277,4269867.006375,168
4114378.7305891216,4268313.46675,168
3995783.519367099,4169317.916125,168
3890691.3711905032,4138602.4156250004,168
3900053.535285607,4145276.771125,168
4013618.334259689,4241897.158125,168
4254644.709173262,4488857.57125,168
4533605.965708002,4748043.02475,168
4611572.774705693,4797141.048875,168
4573669.810347438,4740383.252875,168
4612705.253512397,4791522.5625,168
4674682.482737422,4804920.973,168
4353138.787721798,4520847.124625,168
4098961.013298914,4324792.075,168
3949362.9943864048,4198496.652875,168
3862946.220600873,4136686.577125,168
3726808.0698160976,4026720.543625,168
3682871.0346266776,3950246.017,168
4056811.641432196,4233063.54875,168
4749430.045580685,4871177.4815,168
5468437.530619517,5515412.883375,168
5871703.0999672115,5908353.289875,168
5930646.719653383,6096210.312625,168
5997533.63153784,6121954.27575,168
6117107.036748216,6319917.00325,168
5783406.738670453,6165324.472,168
5778238.416914329,6099470.6674999995,168
5694914.729725406,5871897.707125,168
5668538.3723373115,5891306.818125,168
5558873.514941096,5812961.856125,168
5518998.296337783,5700737.5215,168
5572529.175790578,5738895.118125,168
5445049.40733622,5489416.55525,168
5247975.682408318,5263294.811125,168
5111023.312795803,5181710.526375,168
5029281.647987604,5085796.124500001,168
4650428.741679415,4767059.5126249995,168
4303659.361524358,4571529.120999999,168
4136614.856872663,4406476.544875,168
4020265.2070911676,4286943.241125001,168
3844549.679736033,4134516.9606250003,168
3709136.0185735375,4013729.7860000003,168
4024258.4848941714,4286490.930749999,168
4683113.594887942,4872612.3205,168
5333737.622075722,5414125.940375,168
5681030.770293638,5754333.515875,168
5739385.481821835,5767702.7006250005,168
5829559.720789716,5880719.75275,168
5912756.2813554555,6002301.603250001,168
5691115.94837296,5720554.583000001,168
5870544.772393212,5664446.6565000005,168
5792781.318525612,5588953.177125,168
5669901.711813316,5536642.6431249995,168
5537784.813092977,5446274.262125,168
5469271.151784822,5432292.8055,168
5525609.052533403,5572966.519125,168
5405945.92230247,5412674.94525,168
5191924.436460346,5194388.004125,168
5029998.7147585,5101317.888374999,168
4838510.237432167,4992409.4555,168
4437417.626730338,4697092.574624999,168
4249182.581676334,4500753.881000001,168
4051137.3338089436,4360820.093875,168
3932731.039931804,4241018.025125,168
3761740.6296945363,4122051.851625,168
3651801.802973807,4003620.742,168
3996637.5357548147,4279814.78575,168
4669976.577682763,4834370.7625,168
5345047.35662441,5365772.509375,168
5686541.376176834,5700402.143875,168
5792312.355022997,5788134.432625,168
5961696.004301414,5904827.92875,168
6108751.467671499,5976908.5512500005,168
5813556.7909671515,5685088.333000001,168
5829219.98192887,5614081.3765,168
5641039.993619695,5465416.562125,168
5529433.479922101,5334870.026125,168
5481319.819831565,5289613.705125,168
5450109.697463423,5304546.2535,168
5448221.630096123,5339929.405125,168
5261390.981696397,5225678.0792499995,168
5006253.463972032,5117566.622125,168
4868849.386103362,5109499.886375,168
4794319.8455759585,5053441.8975,168
4412418.47593534,4745899.177625,168
4313569.401710838,4534899.534,168
4122107.877210498,4396440.639875,168
4020703.213858992,4277111.502125,168
3832323.108192712,4148205.2126249997,168
3704529.153081551,4031823.687,168
3990526.6114058495,4304518.92675,168
4648512.917222127,4825569.4715,168
5320185.348434806,5275615.807375001,168
5701694.789669335,5584694.078875,168
5701361.092593789,5605663.983625,168
5772018.0173195,5652118.43575,168
5863798.690818682,5675271.61725,168
5516104.467383146,5402126.727,168
5530180.269115016,5383609.831499999,168
5418306.365977839,5260749.976125,168
5333722.845267996,5170253.095125,168
5277928.4268554,5125560.425125,168
5275469.372951269,5156160.0975,168
5341833.516376644,5261008.757125,168
5259948.206119418,5236460.76125,168
5124853.925297245,5148426.884125,168
5053586.952917635,5109493.6523750005,168
4982254.602872878,5060341.8905,168
4636762.5997668505,4741518.094625,168
4286754.650357872,4549448.086,168
4124586.9753895253,4376907.656874999,168
4024763.9406921715,4252469.543125,168
3863600.718969047,4095948.080625,168
3750961.0546874553,3988709.333,168
4035791.6801320165,4215937.04875,168
4645000.510150731,4725632.854499999,168
5273802.019705772,5190040.326375,168
5628637.710019469,5488061.576875,168
5709744.820950717,5592456.653625,168
5835659.405373856,5684730.42875,168
5896689.87335749,5789480.752250001,168
5598326.534374267,5673097.732,168
5537301.809199497,5659250.9115,168
5468389.203424916,5511271.943125,168
5371439.272456527,5403262.6151250005,168
5238470.929381803,5430470.117125,168
5290470.869968891,5533807.0715,168
5376005.5674676895,5493848.347125,168
5284808.979022086,5319640.25425,168
5100705.089847192,5150665.986125,168
4976319.172669515,5064874.746375,168
4927348.993824795,5009416.3604999995,168
4643548.716962606,4759587.313625,168
4355158.568277761,4588547.502,168
4198717.09017393,4419459.161375,168
3986663.592138678,4261557.001375,168
3776805.375345707,4058716.3148749997,168
3566845.4149511307,3852216.9354999997,168
3598120.8959319443,3899123.2377500003,168
3766079.1602309495,4084562.0725,168
3902499.0396039635,4226564.0505,168
4187500.663603589,4471555.100125,168
4377535.448549017,4675061.25825,168
4472855.020541623,4796890.51475,168
4513691.254256278,4885781.102375,168
4423409.867175907,4899639.225375,168
4342920.035228372,4968355.9961250005,168
4338927.869961143,5062027.573125,168
4339401.547344193,5032312.042125001,168
4303586.539812371,4965940.854875,168
4402779.262312233,5041589.53225,168
4508265.400435507,5095620.9415,168
4504946.712703973,4963268.562125,168
4398246.570553988,4785805.5535,168
4339334.955601439,4700163.989875,168
4341976.804609597,4626285.336999999,168
4099798.856767997,4399882.72575,168
3975431.4808742106,4240988.282,168
3824122.273555577,4098422.00175,168
3684791.4731189907,4005131.1006250004,168
3506122.311656341,3841099.411,168
3341267.6183733046,3648339.916125,168
3309314.965131387,3628974.9221250005,168
3353352.678489253,3655982.9593749996,168
3407703.47153309,3740893.3215,168
3602205.616614789,3932553.60575,168
3811129.1185864657,4128506.6987499995,168
3930755.883020073,4249961.938,168
4032035.0187422633,4331108.847375001,168
4023564.2113548517,4272372.04375,168
3885033.107333392,4044143.011125,168
3804712.1118801683,3878277.321625,168
3780736.865644306,3827009.9821249996,168
3861569.379696086,3911229.888125,168
4111555.112305239,4164222.08625,168
4395280.260204181,4432917.90475,168
4452701.4395572245,4537475.4818750005,168
4392268.940129325,4543403.722875,168
4431447.323571935,4599991.9425,168
4470225.090600193,4589679.215,168
4175111.8928216696,4306162.957625,168
3857461.8198222965,4118935.4000000004,168
3712322.044958383,3989702.991875,168
3652820.2600689977,3936591.4711249997,168
3512891.123906508,3809664.630625,168
3460985.3196830004,3723286.1199999996,168
3805077.576435268,3934341.3447499997,168
4443045.144629136,4360574.6225000005,168
5078553.987026453,4635576.460375,168
5463360.848118201,4914515.167874999,168
5588230.902170539,5037780.386625,168
5621299.933135241,5085548.88875,168
5769448.811434418,5104484.71725,168
5514778.545298293,4895089.755,168
5511690.678688303,4815599.2285,168
5393665.410883233,4770857.000125,168
5377640.887304977,4772692.709125,168
5324581.758191422,4795765.426125001,168
5274827.980479702,4906484.9275,168
5352773.8690725565,5015210.046125,168
5186370.889478087,4890407.05525,168
4978381.778860778,4815500.215125,168
4880740.8867473155,4809902.687375,168
4786181.4567851275,4785170.1245,168
4449496.269475222,4553175.110625,168
5005935.82730018,4992377.298,24
4781250.015048526,4781911.091375001,24
4650001.544537641,4645118.083374999,24
4462067.1728108,4447286.931875001,24
4224368.26709773,4221513.2945,24
4236707.846453879,4275782.98675,24
4398182.441354927,4442472.4065000005,24
4567910.214570679,4628467.8065,24
4850335.311170202,4891606.903124999,24
5054793.044486936,5078900.5622499995,24
5109176.063483924,5133744.50375,24
5179508.259851132,5228612.564375,24
5093598.929195974,5192377.946375,24
4996582.824567083,5070856.218125,24
4865861.404781356,5059528.241125,24
4816804.697303556,5024532.1431249995,24
4839402.986580439,5084404.780875,24
4967936.251618825,5193279.17925,24
5120866.842533104,5285534.4415,24
5118657.6905294955,5231946.739125,24
5036063.918254398,5102613.2715,24
4995319.665130388,5014024.263875,24
5046642.483202308,5019488.309,24
4844974.815384828,4792773.51675,24
4501212.041151419,4588989.187999999,24
4316155.61478655,4471721.92175,24
4181326.2328313664,4321234.912625,24
4023987.644185737,4126455.9790000003,24
3816691.1418639496,3931752.433125,24
3740070.555588335,3857963.219125,24
3786530.703277573,3917679.9483749997,24
3831827.138780594,4073717.6975000002,24
4057075.787452504,4331445.649750001,24
4285833.544124119,4594054.70975,24
4382741.980305612,4715863.998,24
4452682.418452963,4846766.171375001,24
4429375.609761871,4809639.10775,24
4319278.060359299,4617898.736125,24
4175495.3889188915,4535643.349625,24
4185343.848165408,4535184.203125,24
4251806.14260608,4566927.933125,24
4542964.187247768,4777017.23025,24
4835823.940885894,5028645.63275,24
4936395.530696411,5059314.291875,24
4914118.155394539,5044363.519875,24
4893838.952985235,5012898.9125,24
4907022.935393274,5050708.621,24
4559361.124842249,4761913.497625,24
4478955.259478666,4531579.652999999,24
4350724.431559689,4411999.596875,24
4295162.131720327,4333519.314125,24
4202438.361514196,4204024.322625,24
4142705.485427767,4128770.867,24
4517456.61351043,4465603.84675,24
5296896.0843008235,5238514.2405,24
6019240.789519548,5975573.137375,24
6441445.89223396,6330126.298874999,24
6469365.239420734,6339004.248625001,24
6566761.097813562,6451519.0967500005,24
6739582.0588206425,6659334.7042499995,24
6403190.026359037,6297372.454,24
6458125.531235069,6263059.0505,24
6384000.256304219,6126278.593125001,24
6262475.907639533,6012249.762124999,24
6165528.531860091,5958786.069125,24
6103097.706843682,5909348.124500001,24
6194339.6841656715,5983329.107125,24
6065028.9317994565,5874202.09325,24
5853809.053059995,5718628.883125001,24
5745699.633635618,5656686.241375,24
5635076.784325682,5602387.7265,24
5283719.452681765,5194917.779625,24
4786130.630838864,4984820.305,24
4608938.321224414,4824486.195875,24
4469421.533485845,4642583.113125,24
4275972.208404034,4478557.040624999,24
4149365.938367136,4365142.476,24
4477807.719978966,4722788.48875,24
5166136.507959649,5384357.5825,24
5860497.243303157,6066712.083375,24
6227242.608455032,6393172.818875,24
6257899.527823642,6424697.614625,24
6333532.580819055,6493071.5057500005,24
6517189.775323831,6685052.17625,24
6122133.403859317,6293650.576,24
6135557.516512714,6301211.6055,24
6023889.453755751,6172996.461124999,24
5979455.322817646,6133324.582125001,24
5979082.6324500665,6074333.467125,24
5976627.086704619,6032271.8555,24
6035493.400427446,6097641.604125,24
5875913.5206471905,6002771.80225,24
5674231.398744203,5816234.230125,24
5561013.9051038325,5722594.104374999,24
5468285.526065275,5665226.8755,24
5081973.236828715,5263810.021625,24
4904493.231347248,4972959.776,24
4719301.897871129,4810859.865875,24
4551638.556775138,4671729.241125,24
4389924.292575665,4523665.997625,24
4268763.633345716,4416941.465,24
4562947.855262026,4743397.38475,24
5274437.5088010505,5462736.7915,24
6015071.711915605,6167420.440375,24
6426082.872946821,6567198.600875,24
6474119.324793048,6688324.765625,24
6576904.645916291,6861892.08675,24
6653698.124587342,7002843.98725,24
6273590.24840299,6571904.007999999,24
6249908.119324975,6529628.276500001,24
6207818.303547926,6329183.892124999,24
6153087.424066983,6179490.646125,24
6055948.526305914,6071185.955125,24
5951119.724368863,6024212.3375,24
5995555.082275055,6104820.261124999,24
5878391.11125645,5960936.55625,24
5674632.153963879,5722960.205125,24
5563244.545042656,5625310.025375,24
5498313.614475973,5556457.9315,24
5110706.062051475,5239181.342625,24
4858173.3414577395,4945640.501,24
4681230.534555696,4774176.813875,24
4544622.100758962,4705956.008125,24
4364923.854914308,4536188.138625001,24
4228985.386836819,4404050.0479999995,24
4527279.180736512,4728756.84275,24
5223593.70061589,5400589.2045,24
5920095.404257573,6062532.747375,24
6316180.993894748,6308385.804874999,24
6359026.329186611,6236908.710625,24
6497662.64946086,6379117.2897499995,24
6695201.612726919,6516994.548250001,24
6381742.289186448,6160798.201,24
6438467.046022415,6179516.0805,24
6383694.797809914,6109938.270125,24
6311010.6367388815,6028090.579125,24
6319446.422890946,5984295.572125,24
6313496.156463683,5913353.871499999,24
6426601.487404905,5980830.565125,24
6207873.825776614,5890981.731249999,24
5842500.600649558,5717842.957125001,24
5634993.69884,5623975.988375001,24
5518777.935291514,5609448.6844999995,24
5155770.7077942565,5241972.198625,24
4901574.699216992,4989902.75,24
4753899.967318647,4782990.377875,24
4568767.938534342,4628228.084125,24
4407443.820894644,4464664.740625,24
4266628.017413668,4363396.524,24
4570443.487943694,4664438.73575,24
5279563.275506906,5312713.0105,24
6021059.762354635,5906990.845375,24
6398543.392360337,6197744.809875,24
6471374.290390581,6225793.532625,24
6593334.705355585,6331824.12875,24
6739188.721515864,6440100.57325,24
6372633.5094402805,6081924.676,24
6303880.115507379,6068991.7225,24
6221431.062733084,5992592.381124999,24
6070108.210318744,5896814.116125001,24
5980114.7335006,5803598.903125,24
6030022.05654069,5853227.2355,24
6105125.10428492,5982935.280125,24
5962690.248061806,5891643.86425,24
5789030.752286777,5672605.423125001,24
5669808.445499696,5578344.2653749995,24
5640164.238514766,5537549.7685,24
5341335.781997129,5251386.533625,24
4905126.7562675625,5081150.291,24
4698480.52901049,4862024.586375,24
4546194.977311045,4643104.6123750005,24
4348056.514529988,4400429.887875,24
4126020.997912742,4193976.8175,24
4147804.530918427,4255116.5907499995,24
4323082.76845926,4447707.7655,24
4491012.943596497,4656275.0505,24
4766990.515166886,4975028.8651250005,24
4969783.015479185,5195830.66225,24
5021833.950385407,5333116.23475,24
5083213.670589782,5352051.309375,24
5043010.36869213,5225632.585375,24
4938485.772207208,5090428.914125,24
4801533.047645114,4952516.958125,24
4731108.017308973,4867355.288125,24
4790197.307483286,4842019.529875,24
4910397.483229265,4978752.15025,24
5065732.812950715,5156725.2805,24
5049534.4218487665,5181208.408125,24
4985148.921806224,5055682.490499999,24
4938063.959260561,5032494.029874999,24
4997958.986312047,5098684.836999999,24
4768976.618053615,4860945.25375,24
4488314.859644249,4672638.82,24
4340666.00290437,4525891.42875,24
4211828.075228736,4356947.956625,24
4021920.721176386,4158299.119,24
3817262.4701530337,3971635.684125,24
3731575.1316598356,3905643.5631250003,24
3795983.665159084,3928504.459375,24
3878800.845786117,3999995.3575,24
4113164.5976504534,4186828.5117500005,24
4350635.218421094,4373169.43375,24
4454944.348928332,4481764.819999999,24
4568953.206536755,4599156.533375,24
4552846.708928414,4619495.963749999,24
4424004.130971566,4507231.470125,24
4306976.591081679,4420652.534625,24
4350442.707781956,4458533.773125,24
4441083.307898417,4620088.029124999,24
4706909.683922462,4846375.85325,24
5007034.347211778,5112530.135749999,24
5094762.270942748,5193047.658875,24
5113006.199013747,5164776.804874999,24
5106635.524024665,5197100.5665,24
5146797.33432664,5262806.0819999995,24
4832409.257462338,4907281.339625,24
4489132.272028796,4682545.051,24
4337719.192926504,4532423.626875,24
4267368.034256831,4460769.972125,24
4142018.2366904393,4323827.022625,24
4063526.546459943,4263008.296999999,24
4386948.036126144,4605152.3467500005,24
5135030.3628986105,5330506.9245,24
5836707.246133469,6112326.848375,24
6228785.572943971,6542202.144875,24
6272088.230341561,6608214.850625,24
6360604.525462367,6684080.48375,24
6539388.498555742,6774555.01725,24
6200575.0154201165,6422013.18,24
6221892.923117079,6433928.609499999,24
6125539.022022821,6353133.057124999,24
5997363.605414182,6292348.492125,24
5942172.105258405,6197352.953125,24
5907914.076416492,6161493.9325,24
5972682.570038356,6227695.027125,24
5893343.586385123,6112485.20625,24
5699378.845425114,5970819.678125001,24
5593927.681283928,5848066.525375,24
5528648.047131844,5793474.2555,24
5142896.554954551,5406733.160625,24
4954559.748232216,5124123.972,24
4793531.872714676,4942562.366875,24
4621958.630494937,4801411.689125,24
4432502.879672885,4613385.415624999,24
4310319.629930347,4466598.841,24
4649003.264119275,4745019.56475,24
5320066.257471137,5457387.6095,24
5999718.96389053,6148260.154375,24
6367542.570180103,6510598.9418750005,24
6395095.482217103,6605165.6096250005,24
6446192.960727662,6713533.075750001,24
6648976.960710175,6780504.54325,24
6249909.917157888,6492299.427,24
6261227.617635027,6539997.7345,24
6119359.988842383,6487995.331125,24
6080055.185366012,6425217.1431249995,24
6038299.551218733,6381411.652125,24
6026100.519641891,6394850.3535,24
6083959.833780453,6481769.7681249995,24
5952437.327501461,6391051.12125,24
5783145.297680743,6207954.833125,24
5692028.981361151,6002422.213375,24
5636141.490088217,5749402.0065,24
5273830.89742212,5379409.295625,24
4912271.311013512,5126754.512,24
4739998.24005641,4900244.893874999,24
4579724.6356529,4818173.283125,24
4415078.437084295,4642539.225625001,24
4301024.7845079675,4547749.623,24
4603406.380419679,4893098.4657499995,24
5323550.115647092,5628502.943499999,24
6050840.978076637,6310148.385375001,24
6457247.188376792,6609374.404874999,24
6496746.1281681135,6753040.296625,24
6623819.099831112,6952138.406749999,24
6721963.550110504,7129770.560249999,24
6274517.978477776,6874627.001,24
6212316.2033787,6942636.7905,24
6134201.39295277,6804889.829125,24
6036773.393012032,6696405.036125,24
5959543.991496444,6657128.426124999,24
5918118.257488273,6560615.0725,24
5971916.259052359,6572825.055125,24
5844771.6475388035,6323246.912249999,24
5610589.954020359,6005315.813125001,24
5493557.513854757,5761885.233375001,24
5424170.36878977,5646591.0295,24
5062941.945703924,5263604.527625,24
4745364.380692281,5001240.091,24
4559230.778996326,4794450.999875,24
4439663.908242002,4710275.428125,24
4261775.201537572,4517655.112625001,24
4139827.5914738104,4387517.722,24
4439306.256792553,4669346.15475,24
5105330.6547646895,5354038.4465,24
5767388.917325243,6076904.348375,24
6072232.071493275,6517393.475875,24
6050136.926555626,6517416.124624999,24
6161725.931236349,6575506.571749999,24
6291527.19876381,6669320.524250001,24
5953803.476239227,6282126.688,24
5961430.249620557,6273507.969500001,24
5889037.46116481,6115876.702125001,24
5842965.932561867,5961596.010125,24
5856038.225167744,5895844.333125,24
5819423.768656768,5877450.3145,24
5882540.599901013,5904997.427125,24
5728560.775246419,5819205.54525,24
5474720.201771162,5666774.883125,24
5323200.74495247,5576212.008374999,24
5231407.694893755,5499229.9865,24
4871804.548275925,5149153.829624999,24
4709805.3204052,4877735.056,24
4537497.765168861,4707708.129875,24
4354085.002262771,4589595.633125,24
4193233.013828002,4420372.357625,24
4038571.7132878453,4304668.594,24
4351853.716831453,4580502.5057500005,24
5051031.701191708,5191590.3305,24
5744591.4674142,5775974.056375,24
6126947.025345266,6068085.596875,24
6202950.276900195,6129942.926625,24
6324255.822018981,6200205.210750001,24
6456922.161313124,6272808.592250001,24
6105706.991067007,6007854.182,24
6088154.643865615,5988477.4245,24
5993407.571578205,5915274.812125,24
5850600.829913408,5823904.690125,24
5742396.701221995,5671652.878125,24
5784610.676917933,5745927.1275,24
5862480.193390548,5850655.173125001,24
5736814.911518954,5800503.830250001,24
5512584.572412439,5631226.408125,24
5374348.851324923,5507372.735375,24
5312503.105918288,5474919.428499999,24
5031713.364934839,5185717.046625,24
4778959.146616273,4977610.158,24
4562194.402724966,4822051.856375,24
4374071.655305296,4588843.434375,24
4148566.0946593583,4351297.442875,24
3926690.4414217398,4136418.5785,24
3980759.8802041113,4156978.9717500005,24
4154583.324562639,4339583.2325,24
4347185.679677755,4466133.7065,24
4637490.290777117,4773891.970125,24
4845135.602115363,4969899.48325,24
4945636.50433813,5066710.858750001,24
5015854.8773332685,5125126.4473749995,24
4949324.962666325,5064822.776374999,24
4835346.2717591,5053556.040125,24
4820804.235515729,5048830.934125001,24
4785003.497300655,5076739.144125,24
4824333.961185388,5016965.095875,24
4944088.1159483865,5110752.223250001,24
5092007.607557252,5257338.5655,24
5076510.290520474,5307888.554125,24
4962197.793509953,5195769.6835,24
4909373.504520766,5111028.345875001,24
4946180.812858418,5108590.864999999,24
4714611.068532668,4867857.30975,24
4451227.495956764,4649082.706,24
4315217.988088168,4496306.178749999,24
4145123.471121222,4291509.418625,24
3944611.4199369326,4088522.701,24
3741194.64426478,3918493.262125,24
3658464.81515038,3871047.5311249997,24
3694508.0083399788,3900015.8723750003,24
3800404.5845014676,3935894.1955,24
4011765.5770929903,4118881.0947499997,24
4223858.836850509,4337890.58275,24
4323249.467712946,4475136.3209999995,24
4435060.133740485,4607559.385375001,24
4435125.527689338,4617429.54175,24
4263841.166295312,4480606.085124999,24
4194811.220563397,4370081.017625,24
4187840.30048199,4314351.748125,24
4268253.126154602,4378725.695125,24
4477569.828812964,4642712.505249999,24
4714050.692417473,4926408.176750001,24
4759476.098471075,5002264.178875,24
4721531.084015332,4932098.2088750005,24
4707225.284213088,4969114.5375,24
4745641.167092435,5026703.961999999,24
4420072.917384408,4740953.067625,24
4306608.008713298,4509977.483,24
4168242.02131398,4344101.557875,24
4108895.5586425215,4268221.936125,24
3973313.7331239507,4115621.680625,24
3902019.8970857263,4091970.596,24
4237855.570299789,4495895.66975,24
4984518.991762422,5132350.337499999,24
5732239.148961067,5757966.805375,24
6124673.525276497,6136977.454875,24
6149540.014928624,6211328.389625,24
6245872.968945898,6259694.28975,24
6409716.619305588,6366849.826249999,24
6064713.972551018,6056920.087,24
6072404.780666359,6084691.1655,24
5943053.13748014,6004455.930125,24
5840262.939863868,5968570.725125,24
5789578.697056621,5913331.408124999,24
5746473.405965894,5883890.1435,24
5813021.88480334,5977115.752125001,24
5708053.099064201,5868855.24425,24
5559668.87215209,5657259.834125,24
5465001.609323122,5540651.919375,24
5407632.492178559,5440719.978499999,24
5010752.569685452,5096746.6606250005,24
4650770.860057212,4838240.982000001,24
4492146.153744236,4686061.755875,24
4326167.790199257,4555571.020125,24
4150836.1236040443,4386487.333625,24
4025365.174859479,4256010.526,24
4346273.65393547,4612742.59575,24
5032256.975402467,5186234.0525,24
5720307.089892656,5781241.122375,24
6063227.436964087,6102700.032875,24
6117644.321340464,6129193.894625,24
6208275.619508967,6226190.41175,24
6350608.45265422,6327577.55325,24
6007844.0901200995,6217231.614,24
6046238.255999386,6614938.3165,24
5960742.773189001,6557036.403125,24
5896309.603317596,6402784.386125,24
5805182.272864699,6144799.605125,24
5746561.330456413,6022492.2195,24
5836037.263948068,6086214.345124999,24
5715716.967893079,5937280.70925,24
5516174.878224894,5744424.979125001,24
5356736.470197342,5661940.142375,24
5201223.577165112,5568500.7605,24
4811927.503526181,5159889.477624999,24
4664866.770102955,4886718.6049999995,24
4469074.836089149,4708537.462874999,24
4479684.783800848,4603508.591125,24
4322893.10129232,4429618.204625,24
4227043.242964856,4307352.475,24
4561326.464085162,4658534.36575,24
5289720.910129443,5261999.6334999995,24
5990363.203948192,5931463.499375001,24
6348493.476922579,6314897.064875,24
6470164.346845567,6372642.860625,24
6644582.155604094,6466993.87175,24
6806670.31613785,6572126.208249999,24
6445236.519779429,6277868.755,24
6474173.33645647,6231375.131500001,24
6339513.9838728085,6121010.074125,24
6219037.132589281,6028885.437124999,24
6145771.735465042,5958849.366125001,24
6078946.730495304,6008374.6245,24
6140358.975994401,5972195.897125,24
5960387.639076769,5843581.186249999,24
5683266.120063193,5628884.804125,24
5531052.86115969,5575111.905375,24
5443900.995570995,5517896.666499999,24
5093044.561292045,5103903.873625001,24
4583797.204633549,4866331.739,24
4391324.922282875,4663181.347875,24
4331216.104990423,4533793.328125,24
4158917.284481272,4353768.144625001,24
4034719.9255657047,4231817.609,24
4339144.5583194345,4512756.26275,24
5015740.237012416,5134801.5075,24
5700893.27694466,5741850.151375,24
6028175.284019791,6052433.766875,24
5985861.170402177,6044597.344625001,24
6088427.044731215,6083688.39275,24
6211889.044640884,6125680.276250001,24
5841558.991306528,5837873.194,24
5852395.36958468,5845215.6545,24
5742234.07888528,5766491.752125,24
5632726.975951143,5689783.077125,24
5590648.258201711,5694165.388125,24
5532978.920571275,5708664.9675,24
5581535.699786596,5796374.847124999,24
5488323.6346769035,5694308.84725,24
5307835.941636637,5552345.140125,24
5208944.240688324,5488427.429375,24
5158528.410559416,5399016.4305,24
4798935.560791373,5040863.366625,24
4570766.115663439,4803048.9120000005,24
4382113.339859918,4626129.610874999,24
4246312.983805716,4488614.233124999,24
4091717.4915065914,4318441.419625,24
3986125.1501948684,4186184.0519999997,24
4282251.439424381,4452342.95275,24
4926590.084299043,5030175.260500001,24
5531776.158243179,5698624.089375,24
5828893.776597306,6111271.679874999,24
5878089.607361183,6199645.8936250005,24
5959095.669775873,6363770.1077499995,24
6049287.253138199,6407048.137250001,24
5712016.687854812,6056087.959000001,24
5680063.89234741,5907754.1035,24
5581500.323473647,5772640.505125,24
5462653.4841097,5679076.828125,24
5326953.068622485,5591415.482124999,24
5375032.3404084295,5607067.9665,24
5462683.540822089,5649459.850125,24
5355074.950543717,5513202.33125,24
5141307.223234475,5330141.221125,24
5009942.524146423,5221543.420375001,24
4953549.462462798,5145644.1885,24
4657676.221191093,4870804.537625,24
4474976.103271365,4682545.364,24
4285027.9098097235,4523004.196374999,24
4046404.4481259733,4375085.114375,24
3812375.1114483327,4180718.943875,24
3603390.460222572,3970520.6085,24
3651488.38052921,4005197.48575,24
3840512.840072632,4145745.5415,24
4014619.9202331156,4283440.0035,24
4326299.627442703,4526781.079125,24
4530705.635236546,4700417.66625,24
4646260.054808691,4780219.24675,24
4680557.090853214,4829333.092375,24
4575163.409870565,4733462.996375,24
4483526.890644282,4648173.390125,24
4416240.643010065,4556306.796125,24
4382519.3672578335,4529854.144125,24
4330955.906302154,4537015.901875,24
4450447.366417021,4674110.98525,24
4603561.324966937,4800399.7495,24
4626138.317865029,4777901.215125,24
4502872.158097684,4735674.692500001,24
4442636.238466278,4751738.761875,24
4474786.576646656,4770107.438,24
4227430.354358554,4527260.34975,24
4112091.8411183357,4340521.213,24
3960048.8350313455,4182961.65875,24
3785366.714086771,4085534.676625,24
3584840.266562775,3908085.645,24
3408080.317314893,3730732.4801250002,24
3348334.028312683,3696704.799125,24
3375112.1302295923,3735841.032375,24
3441533.512161687,3786086.5245,24
3627487.952897221,3964674.0747499997,24
3838813.429387346,4120397.45775,24
3967222.43564561,4208962.41,24
4101871.285672277,4269867.006375,24
4114378.7305891216,4268313.46675,24
3995783.519367099,4169317.916125,24
3890691.3711905032,4138602.4156250004,24
3900053.535285607,4145276.771125,24
4013618.334259689,4241897.158125,24
4254644.709173262,4488857.57125,24
4533605.965708002,4748043.02475,24
4611572.774705693,4797141.048875,24
4573669.810347438,4740383.252875,24
4612705.253512397,4791522.5625,24
4674682.482737422,4804920.973,24
4353138.787721798,4520847.124625,24
4098961.013298914,4324792.075,24
3949362.9943864048,4198496.652875,24
3862946.220600873,4136686.577125,24
3726808.0698160976,4026720.543625,24
3682871.0346266776,3950246.017,24
4056811.641432196,4233063.54875,24
4749430.045580685,4871177.4815,24
5468437.530619517,5515412.883375,24
5871703.0999672115,5908353.289875,24
5930646.719653383,6096210.312625,24
5997533.63153784,6121954.27575,24
6117107.036748216,6319917.00325,24
5783406.738670453,6165324.472,24
5778238.416914329,6099470.6674999995,24
5694914.729725406,5871897.707125,24
5668538.3723373115,5891306.818125,24
5558873.514941096,5812961.856125,24
5518998.296337783,5700737.5215,24
5572529.175790578,5738895.118125,24
5445049.40733622,5489416.55525,24
5247975.682408318,5263294.811125,24
5111023.312795803,5181710.526375,24
5029281.647987604,5085796.124500001,24
4650428.741679415,4767059.5126249995,24
4303659.361524358,4571529.120999999,24
4136614.856872663,4406476.544875,24
4020265.2070911676,4286943.241125001,24
3844549.679736033,4134516.9606250003,24
3709136.0185735375,4013729.7860000003,24
4024258.4848941714,4286490.930749999,24
4683113.594887942,4872612.3205,24
5333737.622075722,5414125.940375,24
5681030.770293638,5754333.515875,24
5739385.481821835,5767702.7006250005,24
5829559.720789716,5880719.75275,24
5912756.2813554555,6002301.603250001,24
5691115.94837296,5720554.583000001,24
5870544.772393212,5664446.6565000005,24
5792781.318525612,5588953.177125,24
5669901.711813316,5536642.6431249995,24
5537784.813092977,5446274.262125,24
5469271.151784822,5432292.8055,24
5525609.052533403,5572966.519125,24
5405945.92230247,5412674.94525,24
5191924.436460346,5194388.004125,24
5029998.7147585,5101317.888374999,24
4838510.237432167,4992409.4555,24
4437417.626730338,4697092.574624999,24
4249182.581676334,4500753.881000001,24
4051137.3338089436,4360820.093875,24
3932731.039931804,4241018.025125,24
3761740.6296945363,4122051.851625,24
3651801.802973807,4003620.742,24
3996637.5357548147,4279814.78575,24
4669976.577682763,4834370.7625,24
5345047.35662441,5365772.509375,24
5686541.376176834,5700402.143875,24
5792312.355022997,5788134.432625,24
5961696.004301414,5904827.92875,24
6108751.467671499,5976908.5512500005,24
5813556.7909671515,5685088.333000001,24
5829219.98192887,5614081.3765,24
5641039.993619695,5465416.562125,24
5529433.479922101,5334870.026125,24
5481319.819831565,5289613.705125,24
5450109.697463423,5304546.2535,24
5448221.630096123,5339929.405125,24
5261390.981696397,5225678.0792499995,24
5006253.463972032,5117566.622125,24
4868849.386103362,5109499.886375,24
4794319.8455759585,5053441.8975,24
4412418.47593534,4745899.177625,24
4313569.401710838,4534899.534,24
4122107.877210498,4396440.639875,24
4020703.213858992,4277111.502125,24
3832323.108192712,4148205.2126249997,24
3704529.153081551,4031823.687,24
3990526.6114058495,4304518.92675,24
4648512.917222127,4825569.4715,24
5320185.348434806,5275615.807375001,24
5701694.789669335,5584694.078875,24
5701361.092593789,5605663.983625,24
5772018.0173195,5652118.43575,24
5863798.690818682,5675271.61725,24
5516104.467383146,5402126.727,24
5530180.269115016,5383609.831499999,24
5418306.365977839,5260749.976125,24
5333722.845267996,5170253.095125,24
5277928.4268554,5125560.425125,24
5275469.372951269,5156160.0975,24
5341833.516376644,5261008.757125,24
5259948.206119418,5236460.76125,24
5124853.925297245,5148426.884125,24
5053586.952917635,5109493.6523750005,24
4982254.602872878,5060341.8905,24
4636762.5997668505,4741518.094625,24
4286754.650357872,4549448.086,24
4124586.9753895253,4376907.656874999,24
4024763.9406921715,4252469.543125,24
3863600.718969047,4095948.080625,24
3750961.0546874553,3988709.333,24
4035791.6801320165,4215937.04875,24
4645000.510150731,4725632.854499999,24
5273802.019705772,5190040.326375,24
5628637.710019469,5488061.576875,24
5709744.820950717,5592456.653625,24
5835659.405373856,5684730.42875,24
5896689.87335749,5789480.752250001,24
5598326.534374267,5673097.732,24
5537301.809199497,5659250.9115,24
5468389.203424916,5511271.943125,24
5371439.272456527,5403262.6151250005,24
5238470.929381803,5430470.117125,24
5290470.869968891,5533807.0715,24
5376005.5674676895,5493848.347125,24
5284808.979022086,5319640.25425,24
5100705.089847192,5150665.986125,24
4976319.172669515,5064874.746375,24
4927348.993824795,5009416.3604999995,24
4643548.716962606,4759587.313625,24
4355158.568277761,4588547.502,24
4198717.09017393,4419459.161375,24
3986663.592138678,4261557.001375,24
3776805.375345707,4058716.3148749997,24
3566845.4149511307,3852216.9354999997,24
3598120.8959319443,3899123.2377500003,24
3766079.1602309495,4084562.0725,24
3902499.0396039635,4226564.0505,24
4187500.663603589,4471555.100125,24
4377535.448549017,4675061.25825,24
4472855.020541623,4796890.51475,24
4513691.254256278,4885781.102375,24
4423409.867175907,4899639.225375,24
4342920.035228372,4968355.9961250005,24
4338927.869961143,5062027.573125,24
4339401.547344193,5032312.042125001,24
4303586.539812371,4965940.854875,24
4402779.262312233,5041589.53225,24
4508265.400435507,5095620.9415,24
4504946.712703973,4963268.562125,24
4398246.570553988,4785805.5535,24
4339334.955601439,4700163.989875,24
4341976.804609597,4626285.336999999,24
4099798.856767997,4399882.72575,24
3975431.4808742106,4240988.282,24
3824122.273555577,4098422.00175,24
3684791.4731189907,4005131.1006250004,24
3506122.311656341,3841099.411,24
3341267.6183733046,3648339.916125,24
3309314.965131387,3628974.9221250005,24
3353352.678489253,3655982.9593749996,24
3407703.47153309,3740893.3215,24
3602205.616614789,3932553.60575,24
3811129.1185864657,4128506.6987499995,24
3930755.883020073,4249961.938,24
4032035.0187422633,4331108.847375001,24
4023564.2113548517,4272372.04375,24
3885033.107333392,4044143.011125,24
3804712.1118801683,3878277.321625,24
3780736.865644306,3827009.9821249996,24
3861569.379696086,3911229.888125,24
4111555.112305239,4164222.08625,24
4395280.260204181,4432917.90475,24
4452701.4395572245,4537475.4818750005,24
4392268.940129325,4543403.722875,24
4431447.323571935,4599991.9425,24
4470225.090600193,4589679.215,24
4175111.8928216696,4306162.957625,24
3857461.8198222965,4118935.4000000004,24
3712322.044958383,3989702.991875,24
3652820.2600689977,3936591.4711249997,24
3512891.123906508,3809664.630625,24
3460985.3196830004,3723286.1199999996,24
3805077.576435268,3934341.3447499997,24
4443045.144629136,4360574.6225000005,24
5078553.987026453,4635576.460375,24
5463360.848118201,4914515.167874999,24
5588230.902170539,5037780.386625,24
5621299.933135241,5085548.88875,24
5769448.811434418,5104484.71725,24
5514778.545298293,4895089.755,24
5511690.678688303,4815599.2285,24
5393665.410883233,4770857.000125,24
5377640.887304977,4772692.709125,24
5324581.758191422,4795765.426125001,24
5274827.980479702,4906484.9275,24
5352773.8690725565,5015210.046125,24
5186370.889478087,4890407.05525,24
4978381.778860778,4815500.215125,24
4880740.8867473155,4809902.687375,24
4786181.4567851275,4785170.1245,24
4449496.269475222,4553175.110625,24
