loss,timestamp,checkpoint_dir_name,done,training_iteration,trial_id,date,time_this_iter_s,time_total_s,pid,hostname,node_ip,time_since_restore,iterations_since_restore,config/h,config/step_size,config/val_check_steps,config/max_steps,config/scaler_type,config/input_size,config/n_harmonics,config/n_polynomials,config/stack_types,config/n_blocks_seasonality,config/n_blocks_trend,config/n_blocks_identity,config/n_hidden,config/hidden_size,config/dropout_prob_theta,config/activation,config/learning_rate,config/num_lr_decays,config/early_stop_patience_steps,config/batch_size,logdir
949982.5,1732013001,,False,1,b92db58b,2024-11-19_11-43-21,5.109696865081787,5.109696865081787,25360,MW-PRD-197955,127.0.0.1,5.109696865081787,1,24,24,1,2000,identity,48,10,8,"['seasonality', 'trend', 'identity']",1,3,2,5,32,0.4291257802364992,Tanh,1.2641279913675427e-05,0,25,256,b92db58b
949651.0,1732013144,,False,1,2417c94b,2024-11-19_11-45-44,138.88877487182617,138.88877487182617,31144,MW-PRD-197955,127.0.0.1,138.88877487182617,1,24,24,1,2000,identity,24,2,10,"['seasonality', 'trend', 'identity']",2,2,1,4,16,0.147815010731321,Tanh,0.00406473558456,7,100,64,2417c94b
inf,1732013014,,False,1,24462469,2024-11-19_11-43-34,0.0156323909759521,0.0156323909759521,24992,MW-PRD-197955,127.0.0.1,0.0156323909759521,1,24,24,1,2000,identity,24,5,2,"['seasonality', 'trend', 'identity']",2,1,2,1,64,0.3215197649016549,Tanh,0.0075661345527687,8,50,128,24462469
949956.625,1732013210,,False,1,8c2e0824,2024-11-19_11-46-50,189.50111484527588,189.50111484527588,16388,MW-PRD-197955,127.0.0.1,189.50111484527588,1,24,24,1,2000,identity,24,3,7,"['seasonality', 'trend', 'identity']",1,2,3,2,64,0.4146895353110079,Tanh,7.017721223809483e-05,9,250,128,8c2e0824
946757.75,1732014515,,False,1,c4727a20,2024-11-19_12-08-35,1487.847873687744,1487.847873687744,23900,MW-PRD-197955,127.0.0.1,1487.847873687744,1,24,24,1,2000,identity,96,8,1,"['seasonality', 'trend', 'identity']",3,1,2,2,256,0.4499934993324327,Sigmoid,0.0014676101362409,10,25,16,c4727a20
436208.71875,1732013128,,False,1,5fbb665f,2024-11-19_11-45-28,91.2049205303192,91.2049205303192,26876,MW-PRD-197955,127.0.0.1,91.2049205303192,1,24,24,1,2000,identity,96,7,7,"['seasonality', 'trend', 'identity']",3,3,2,6,16,0.4114253530991014,ReLU,0.001419316975218,0,50,32,5fbb665f
inf,1732013046,,False,1,73eed83d,2024-11-19_11-44-06,0.028796911239624,0.028796911239624,5004,MW-PRD-197955,127.0.0.1,0.028796911239624,1,24,24,1,2000,identity,96,10,7,"['seasonality', 'trend', 'identity']",3,1,1,1,8,0.2639511707944122,LeakyReLU,9.945711796931812e-05,9,250,16,73eed83d
943276.625,1732013847,,False,1,68cf52b5,2024-11-19_11-57-27,790.1407270431519,790.1407270431519,6744,MW-PRD-197955,127.0.0.1,790.1407270431519,1,24,24,1,2000,identity,144,3,6,"['seasonality', 'trend', 'identity']",2,3,2,3,64,0.2030920846536041,Sigmoid,0.0045991826720774,1,100,32,68cf52b5
949355.6875,1732013675,,False,1,4f30dff4,2024-11-19_11-54-35,610.0563821792603,610.0563821792603,7948,MW-PRD-197955,127.0.0.1,610.0563821792603,1,24,24,1,2000,identity,168,1,10,"['seasonality', 'trend', 'identity']",2,2,1,4,64,0.3348401804296284,Tanh,0.0017858434369563,5,100,256,4f30dff4
949980.25,1732013136,,False,1,b74c4c8e,2024-11-19_11-45-36,62.909600257873535,62.909600257873535,6080,MW-PRD-197955,127.0.0.1,62.909600257873535,1,24,24,1,2000,identity,48,5,5,"['seasonality', 'trend', 'identity']",1,2,2,6,8,0.2081140358755571,Sigmoid,0.0001349701671306,8,100,256,b74c4c8e
772173.625,1732013344,,False,1,3ed0f4da,2024-11-19_11-49-04,260.94193625450134,260.94193625450134,10124,MW-PRD-197955,127.0.0.1,260.94193625450134,1,24,24,1,2000,identity,72,7,7,"['seasonality', 'trend', 'identity']",3,2,2,2,8,0.1829145111745109,LeakyReLU,1.007341080111812e-05,8,250,64,3ed0f4da
949644.1875,1732013328,,False,1,5febcc44,2024-11-19_11-48-48,191.0564105510712,191.0564105510712,20744,MW-PRD-197955,127.0.0.1,191.0564105510712,1,24,24,1,2000,identity,24,3,5,"['seasonality', 'trend', 'identity']",2,1,1,2,64,0.3227212855514829,Tanh,0.0012859968056855,8,50,32,5febcc44
inf,1732013146,,False,1,500ae343,2024-11-19_11-45-46,0.0204181671142578,0.0204181671142578,13720,MW-PRD-197955,127.0.0.1,0.0204181671142578,1,24,24,1,2000,identity,168,7,10,"['seasonality', 'trend', 'identity']",1,3,3,1,64,0.107921127823143,ReLU,0.0051267605530247,6,250,256,500ae343
inf,1732013154,,False,1,3d8fa1c8,2024-11-19_11-45-54,0.0193085670471191,0.0193085670471191,9520,MW-PRD-197955,127.0.0.1,0.0193085670471191,1,24,24,1,2000,identity,72,10,9,"['seasonality', 'trend', 'identity']",1,1,2,1,32,0.0530756996290935,Tanh,0.0044973770772328,8,50,32,3d8fa1c8
inf,1732013163,,False,1,4f3c4806,2024-11-19_11-46-03,0.0223276615142822,0.0223276615142822,8176,MW-PRD-197955,127.0.0.1,0.0223276615142822,1,24,24,1,2000,identity,168,1,10,"['seasonality', 'trend', 'identity']",1,2,2,1,32,0.0524656136976905,LeakyReLU,0.0065742329936587,10,250,64,4f3c4806
445948.53125,1732013360,,False,1,efaf2f98,2024-11-19_11-49-20,188.4115295410156,188.4115295410156,23764,MW-PRD-197955,127.0.0.1,188.4115295410156,1,24,24,1,2000,identity,24,8,4,"['seasonality', 'trend', 'identity']",1,2,1,3,64,0.0110679355280908,LeakyReLU,2.098137130135986e-05,0,25,64,efaf2f98
590689.125,1732013387,,False,1,46628b47,2024-11-19_11-49-47,207.05927681922915,207.05927681922915,3028,MW-PRD-197955,127.0.0.1,207.05927681922915,1,24,24,1,2000,identity,96,8,1,"['seasonality', 'trend', 'identity']",2,2,1,5,256,0.0989963292075367,LeakyReLU,0.0015944394176302,1,50,256,46628b47
517553.46875,1732013299,,False,1,8e0d37f6,2024-11-19_11-48-19,80.61821389198303,80.61821389198303,8252,MW-PRD-197955,127.0.0.1,80.61821389198303,1,24,24,1,2000,identity,96,7,4,"['seasonality', 'trend', 'identity']",3,3,1,6,16,0.4924538664286861,ReLU,0.0007741355162953,0,50,32,8e0d37f6
482829.875,1732013390,,False,1,ec39cfb5,2024-11-19_11-49-50,81.62724447250366,81.62724447250366,12048,MW-PRD-197955,127.0.0.1,81.62724447250366,1,24,24,1,2000,identity,96,7,4,"['seasonality', 'trend', 'identity']",3,3,1,6,16,0.4923579639705768,ReLU,0.0008565982871775,0,50,32,ec39cfb5
479687.96875,1732013423,,False,1,7cd422cc,2024-11-19_11-50-23,86.00351667404175,86.00351667404175,16888,MW-PRD-197955,127.0.0.1,86.00351667404175,1,24,24,1,2000,identity,96,7,3,"['seasonality', 'trend', 'identity']",3,3,1,6,16,0.4798397175309394,ReLU,0.0007916087081208,0,50,32,7cd422cc
464624.1875,1732013452,,False,1,4c887e88,2024-11-19_11-50-52,98.43378925323486,98.43378925323486,5848,MW-PRD-197955,127.0.0.1,98.43378925323486,1,24,24,1,2000,identity,96,7,3,"['seasonality', 'trend', 'identity']",3,3,1,6,16,0.4899008547476509,ReLU,0.0005375110985817,0,50,32,4c887e88
287461.53125,1732013572,,False,1,17fef1b7,2024-11-19_11-52-52,202.59744453430176,202.59744453430176,32240,MW-PRD-197955,127.0.0.1,202.59744453430176,1,24,24,1,2000,identity,144,8,2,"['seasonality', 'trend', 'identity']",3,3,3,4,128,0.0003883587241885,ReLU,0.0005069128517102,3,25,16,17fef1b7
285006.3125,1732014163,,False,1,70a45f8d,2024-11-19_12-02-43,766.6785562038422,766.6785562038422,34420,MW-PRD-197955,127.0.0.1,766.6785562038422,1,24,24,1,2000,identity,144,8,3,"['seasonality', 'trend', 'identity']",3,3,3,3,512,0.342749243192075,ReLU,0.0003505820803095,3,25,16,70a45f8d
949604.75,1732018776,,False,1,771fb3d3,2024-11-19_13-19-36,5370.672251462936,5370.672251462936,25652,MW-PRD-197955,127.0.0.1,5370.672251462936,1,24,24,1,2000,identity,144,8,4,"['seasonality', 'trend', 'identity']",2,3,3,3,512,0.3484468598047666,Sigmoid,3.312778887219315e-05,3,25,16,771fb3d3
949904.0625,1732014846,,False,1,ac60168d,2024-11-19_12-14-06,1412.769520521164,1412.769520521164,26304,MW-PRD-197955,127.0.0.1,1412.769520521164,1,24,24,1,2000,identity,144,9,6,"['seasonality', 'trend', 'identity']",2,3,3,3,128,0.353968120124203,Sigmoid,2.5121657714653705e-05,3,25,16,ac60168d
949839.75,1732014596,,False,1,73227fbe,2024-11-19_12-09-56,1135.4139783382416,1135.4139783382416,33016,MW-PRD-197955,127.0.0.1,1135.4139783382416,1,24,24,1,2000,identity,120,9,6,"['seasonality', 'trend', 'identity']",2,2,3,3,128,0.0046438663547437,Sigmoid,3.511785364212841e-05,2,25,16,73227fbe
948897.4375,1732015144,,False,1,7983bbcc,2024-11-19_12-19-04,1562.9934058189392,1562.9934058189392,29176,MW-PRD-197955,127.0.0.1,1562.9934058189392,1,24,24,1,2000,identity,144,9,6,"['seasonality', 'trend', 'identity']",3,3,3,4,128,0.3474317893326193,Sigmoid,0.0002492362814514,3,25,16,7983bbcc
948861.625,1732015250,,False,1,55b90143,2024-11-19_12-20-50,1565.8910477161407,1565.8910477161407,30060,MW-PRD-197955,127.0.0.1,1565.8910477161407,1,24,24,1,2000,identity,144,9,6,"['seasonality', 'trend', 'identity']",3,3,3,5,128,0.3867540448236397,Sigmoid,0.0002577825263664,3,25,16,55b90143
319223.71875,1732014042,,False,1,33528d6a,2024-11-19_12-00-42,186.29464030265808,186.29464030265808,22008,MW-PRD-197955,127.0.0.1,186.29464030265808,1,24,24,1,2000,identity,144,9,1,"['seasonality', 'trend', 'identity']",3,3,3,3,128,0.0301420539953135,ReLU,0.0002269196899499,3,25,16,33528d6a
350677.96875,1732014241,,False,1,87ccd8f0,2024-11-19_12-04-01,189.8141930103302,189.8141930103302,28712,MW-PRD-197955,127.0.0.1,189.8141930103302,1,24,24,1,2000,identity,144,9,2,"['seasonality', 'trend', 'identity']",3,3,3,5,128,0.016754272778275,ReLU,0.0002823946380096,3,25,16,87ccd8f0
353705.34375,1732014371,,False,1,39dfbdd1,2024-11-19_12-06-11,199.24805283546448,199.24805283546448,14956,MW-PRD-197955,127.0.0.1,199.24805283546448,1,24,24,1,2000,identity,144,9,1,"['seasonality', 'trend', 'identity']",3,3,3,3,128,0.0074545922192103,ReLU,0.0002468701526914,3,25,16,39dfbdd1
267812.09375,1732015021,,False,1,a20b546e,2024-11-19_12-17-01,771.6063928604126,771.6063928604126,29180,MW-PRD-197955,127.0.0.1,771.6063928604126,1,24,24,1,2000,identity,144,9,1,"['seasonality', 'trend', 'identity']",3,3,3,3,512,0.2609252333642705,ReLU,0.0002539544716364,3,25,16,a20b546e
289252.71875,1732015156,,False,1,c29fede6,2024-11-19_12-19-16,775.5517859458923,775.5517859458923,2724,MW-PRD-197955,127.0.0.1,775.5517859458923,1,24,24,1,2000,identity,120,9,2,"['seasonality', 'trend', 'identity']",3,3,3,4,512,0.2841190340117491,ReLU,4.362165886959344e-05,3,25,16,c29fede6
296573.5625,1732015542,,False,1,8e68e273,2024-11-19_12-25-42,1017.2545158863068,1017.2545158863068,21804,MW-PRD-197955,127.0.0.1,1017.2545158863068,1,24,24,1,2000,identity,120,9,2,"['seasonality', 'trend', 'identity']",3,3,3,4,512,0.2721423540845311,ReLU,3.910805039012915e-05,3,25,16,8e68e273
300634.40625,1732015327,,False,1,d1ddc57a,2024-11-19_12-22-07,721.2682614326477,721.2682614326477,6416,MW-PRD-197955,127.0.0.1,721.2682614326477,1,24,24,1,2000,identity,144,6,2,"['seasonality', 'trend', 'identity']",3,3,3,4,512,0.3597159738152456,ReLU,0.0002090726209081,4,25,16,d1ddc57a
307491.875,1732015421,,False,1,557169e4,2024-11-19_12-23-41,565.8860416412354,565.8860416412354,18336,MW-PRD-197955,127.0.0.1,565.8860416412354,1,24,24,1,2000,identity,144,6,2,"['seasonality', 'trend', 'identity']",3,3,3,4,512,0.2748979363657802,ReLU,0.0001736688791902,4,25,16,557169e4
270468.25,1732015725,,False,1,5f1fdf3f,2024-11-19_12-28-45,694.6780550479889,694.6780550479889,28756,MW-PRD-197955,127.0.0.1,694.6780550479889,1,24,24,1,2000,identity,144,6,2,"['seasonality', 'trend', 'identity']",3,3,3,4,512,0.2757131279374019,ReLU,0.000394783182593,4,25,16,5f1fdf3f
286481.75,1732015882,,False,1,26b88962,2024-11-19_12-31-22,727.2229886054993,727.2229886054993,21684,MW-PRD-197955,127.0.0.1,727.2229886054993,1,24,24,1,2000,identity,144,6,2,"['seasonality', 'trend', 'identity']",3,3,3,4,512,0.2763375990044432,ReLU,0.000444320613063,4,25,16,26b88962
262248.5,1732015680,,False,1,249d5463,2024-11-19_12-28-00,514.5915114879608,514.5915114879608,26228,MW-PRD-197955,127.0.0.1,514.5915114879608,1,24,24,1,2000,identity,120,6,2,"['seasonality', 'trend', 'identity']",3,3,3,4,512,0.2697278351065142,ReLU,0.0004885180797373,4,25,16,249d5463
252789.28125,1732015865,,False,1,c8d573a8,2024-11-19_12-31-05,606.3683836460114,606.3683836460114,28512,MW-PRD-197955,127.0.0.1,606.3683836460114,1,24,24,1,2000,identity,120,6,2,"['seasonality', 'trend', 'identity']",3,3,3,4,512,0.2438316493863912,ReLU,0.0004679560344802,4,25,16,c8d573a8
296462.8125,1732016017,,False,1,ee948910,2024-11-19_12-33-37,680.935893535614,680.935893535614,4832,MW-PRD-197955,127.0.0.1,680.935893535614,1,24,24,1,2000,identity,120,10,3,"['seasonality', 'trend', 'identity']",3,3,3,4,512,0.2954793065035743,ReLU,6.318801475271583e-05,5,25,16,ee948910
273964.21875,1732016109,,False,1,731e1514,2024-11-19_12-35-09,679.3740811347961,679.3740811347961,16340,MW-PRD-197955,127.0.0.1,679.3740811347961,1,24,24,1,2000,identity,120,10,3,"['seasonality', 'trend', 'identity']",3,3,3,4,512,0.2926278621796812,ReLU,0.0004490917353092,5,25,128,731e1514
261175.453125,1732016261,,False,1,824fdb6c,2024-11-19_12-37-41,709.2011580467224,709.2011580467224,32408,MW-PRD-197955,127.0.0.1,709.2011580467224,1,24,24,1,2000,identity,120,10,3,"['seasonality', 'trend', 'identity']",3,3,3,4,512,0.2975316205918569,ReLU,0.0004028554502842,5,25,128,824fdb6c
335393.125,1732016344,,False,1,5bcc5e40,2024-11-19_12-39-04,655.2853851318359,655.2853851318359,27556,MW-PRD-197955,127.0.0.1,655.2853851318359,1,24,24,1,2000,identity,48,4,3,"['seasonality', 'trend', 'identity']",3,3,3,5,512,0.3088565329487368,ReLU,0.0004146866528079,5,25,16,5bcc5e40
378410.0,1732016162,,False,1,f9e3e4bd,2024-11-19_12-36-02,426.0796422958374,426.0796422958374,15004,MW-PRD-197955,127.0.0.1,426.0796422958374,1,24,24,1,2000,identity,48,4,3,"['seasonality', 'trend', 'identity']",3,3,3,5,512,0.2339178153629221,ReLU,0.0004862877215041,5,25,128,f9e3e4bd
258691.90625,1732016413,,False,1,2a779442,2024-11-19_12-40-13,538.6784443855286,538.6784443855286,19336,MW-PRD-197955,127.0.0.1,538.6784443855286,1,24,24,1,2000,identity,120,4,3,"['seasonality', 'trend', 'identity']",2,3,3,5,512,0.2342083381975352,ReLU,0.0004230232800482,5,25,128,2a779442
590118.5625,1732016745,,False,1,9e4e62e0,2024-11-19_12-45-45,853.971385717392,853.971385717392,12036,MW-PRD-197955,127.0.0.1,853.971385717392,1,24,24,1,2000,identity,120,4,3,"['seasonality', 'trend', 'identity']",2,2,3,2,512,0.2248119743937174,ReLU,0.0024988051687275,5,100,128,9e4e62e0
256878.0625,1732017351,,False,1,29855276,2024-11-19_12-55-51,1324.5713624954224,1324.5713624954224,16908,MW-PRD-197955,127.0.0.1,1324.5713624954224,1,24,24,1,2000,identity,120,4,1,"['seasonality', 'trend', 'identity']",2,2,2,5,512,0.2199095037097191,ReLU,0.0001239381421658,6,100,128,29855276
310278.3125,1732016673,,False,1,f09ef1e3,2024-11-19_12-44-33,554.3624386787415,554.3624386787415,27952,MW-PRD-197955,127.0.0.1,554.3624386787415,1,24,24,1,2000,identity,120,4,1,"['seasonality', 'trend', 'identity']",2,3,3,5,512,0.2306937793813543,ReLU,0.0001207303554972,6,25,128,f09ef1e3
255714.0625,1732017556,,False,1,7d7fc46c,2024-11-19_12-59-16,1384.3861157894137,1384.3861157894137,33188,MW-PRD-197955,127.0.0.1,1384.3861157894137,1,24,24,1,2000,identity,120,5,1,"['seasonality', 'trend', 'identity']",2,3,3,5,512,0.2417713811387943,ReLU,0.0001505302526325,6,100,128,7d7fc46c
267246.71875,1732017130,,False,1,8ccfb15d,2024-11-19_12-52-10,860.6783418655396,860.6783418655396,7000,MW-PRD-197955,127.0.0.1,860.6783418655396,1,24,24,1,2000,identity,120,5,1,"['seasonality', 'trend', 'identity']",2,3,3,5,512,0.2336299477035114,ReLU,0.002312391337932,6,100,128,8ccfb15d
258811.203125,1732017089,,False,1,2d86d53b,2024-11-19_12-51-29,735.5193192958832,735.5193192958832,7868,MW-PRD-197955,127.0.0.1,735.5193192958832,1,24,24,1,2000,identity,120,5,1,"['seasonality', 'trend', 'identity']",2,3,2,5,512,0.2458495332643409,ReLU,0.0028395962401154,6,100,128,2d86d53b
949517.3125,1732019781,,False,1,e8438884,2024-11-19_13-36-21,3358.626551628113,3358.626551628113,7624,MW-PRD-197955,127.0.0.1,3358.626551628113,1,24,24,1,2000,identity,120,4,1,"['seasonality', 'trend', 'identity']",2,2,2,5,512,0.2465771459138809,Tanh,0.000122859896775,6,100,128,e8438884
941731.1875,1732020027,,False,1,269c796c,2024-11-19_13-40-27,3344.9998619556427,3344.9998619556427,20928,MW-PRD-197955,127.0.0.1,3344.9998619556427,1,24,24,1,2000,identity,120,5,1,"['seasonality', 'trend', 'identity']",2,2,2,2,512,0.1594035075682178,Tanh,0.0021805060995665,6,100,128,269c796c
947758.25,1732018339,,False,1,3be48358,2024-11-19_13-12-19,1585.188815355301,1585.188815355301,19408,MW-PRD-197955,127.0.0.1,1585.188815355301,1,24,24,1,2000,identity,120,5,4,"['seasonality', 'trend', 'identity']",2,2,2,3,256,0.1804809276385109,Tanh,0.0010468863707244,6,100,128,3be48358
253734.109375,1732017738,,False,1,40ad9135,2024-11-19_13-02-18,640.0173540115356,640.0173540115356,31616,MW-PRD-197955,127.0.0.1,640.0173540115356,1,24,24,1,2000,identity,120,5,4,"['seasonality', 'trend', 'identity']",2,2,2,5,256,0.1711681427564151,LeakyReLU,0.0027370331644673,7,100,128,40ad9135
948736.875,1732018696,,False,1,45e736fc,2024-11-19_13-18-16,1557.1183669567108,1557.1183669567108,23232,MW-PRD-197955,127.0.0.1,1557.1183669567108,1,24,24,1,2000,identity,120,2,4,"['seasonality', 'trend', 'identity']",2,2,2,5,256,0.1728940928484984,Tanh,0.001009029309566,7,100,128,45e736fc
949856.3125,1732018936,,False,1,b48b13d1,2024-11-19_13-22-16,1575.9828832149506,1575.9828832149506,13456,MW-PRD-197955,127.0.0.1,1575.9828832149506,1,24,24,1,2000,identity,120,2,4,"['seasonality', 'trend', 'identity']",2,2,2,5,256,0.1724388448550127,Tanh,7.905976244456891e-05,7,100,128,b48b13d1
949841.875,1732019122,,False,1,ce29ca78,2024-11-19_13-25-22,1556.5776963233948,1556.5776963233948,580,MW-PRD-197955,127.0.0.1,1556.5776963233948,1,24,24,1,2000,identity,120,3,1,"['seasonality', 'trend', 'identity']",2,2,2,5,256,0.1758293733889617,Tanh,8.587370729992864e-05,7,100,128,ce29ca78
867069.8125,1732018102,,False,1,88a0993e,2024-11-19_13-08-22,354.5896632671356,354.5896632671356,13732,MW-PRD-197955,127.0.0.1,354.5896632671356,1,24,24,1,2000,identity,120,5,4,"['seasonality', 'trend', 'identity']",2,2,2,5,256,0.1714747660664287,LeakyReLU,0.0098333266950483,7,100,128,88a0993e
251318.671875,1732018671,,False,1,ca78a81d,2024-11-19_13-17-51,559.8654594421387,559.8654594421387,34332,MW-PRD-197955,127.0.0.1,559.8654594421387,1,24,24,1,2000,identity,120,3,1,"['seasonality', 'trend', 'identity']",2,2,2,5,256,0.1404050967145337,LeakyReLU,0.0036756524731961,7,100,128,ca78a81d
655683.1875,1732018433,,False,1,856880ba,2024-11-19_13-13-53,84.55780291557312,84.55780291557312,23920,MW-PRD-197955,127.0.0.1,84.55780291557312,1,24,24,1,2000,identity,72,3,1,"['seasonality', 'trend', 'identity']",2,2,2,5,256,0.1348644599842011,LeakyReLU,0.0031069624037174,7,100,128,856880ba
587156.625,1732018708,,False,1,c0217e45,2024-11-19_13-18-28,267.0904393196106,267.0904393196106,30764,MW-PRD-197955,127.0.0.1,267.0904393196106,1,24,24,1,2000,identity,120,2,5,"['seasonality', 'trend', 'identity']",2,2,2,5,8,0.1971067762371652,LeakyReLU,9.276510531582092e-05,7,100,128,c0217e45
249230.890625,1732019625,,False,1,5b6fe454,2024-11-19_13-33-45,944.2324540615082,944.2324540615082,7232,MW-PRD-197955,127.0.0.1,944.2324540615082,1,24,24,1,2000,identity,120,3,5,"['seasonality', 'trend', 'identity']",2,1,2,6,256,0.2054498405556054,LeakyReLU,0.0001683863773883,7,100,128,5b6fe454
633955.4375,1732018798,,False,1,dde9277f,2024-11-19_13-19-58,92.54628658294678,92.54628658294678,34144,MW-PRD-197955,127.0.0.1,92.54628658294678,1,24,24,1,2000,identity,24,2,5,"['seasonality', 'trend', 'identity']",2,1,2,6,8,0.202383355704534,LeakyReLU,0.0001053792597698,9,100,128,dde9277f
525706.125,1732018866,,False,1,35fe81bf,2024-11-19_13-21-06,148.7205104827881,148.7205104827881,32648,MW-PRD-197955,127.0.0.1,148.7205104827881,1,24,24,1,2000,identity,24,3,1,"['seasonality', 'trend', 'identity']",2,1,2,6,32,0.1507865551519199,LeakyReLU,0.0001526834458987,9,100,64,35fe81bf
471028.21875,1732018943,,False,1,555cbad7,2024-11-19_13-22-23,157.384765625,157.384765625,13712,MW-PRD-197955,127.0.0.1,157.384765625,1,24,24,1,2000,identity,24,3,1,"['seasonality', 'trend', 'identity']",2,1,2,6,32,0.1416560980705793,LeakyReLU,0.0001570212858976,8,100,64,555cbad7
280931.15625,1732019255,,False,1,0c83b58c,2024-11-19_13-27-35,447.4243295192719,447.4243295192719,29496,MW-PRD-197955,127.0.0.1,447.4243295192719,1,24,24,1,2000,identity,168,3,8,"['seasonality', 'trend', 'identity']",2,2,2,6,32,0.1485624991754491,LeakyReLU,0.0001691913629292,8,100,64,0c83b58c
274319.0625,1732019358,,False,1,9c86798f,2024-11-19_13-29-18,482.9205114841461,482.9205114841461,18452,MW-PRD-197955,127.0.0.1,482.9205114841461,1,24,24,1,2000,identity,120,4,1,"['seasonality', 'trend', 'identity']",2,2,2,5,256,0.1107459934638831,LeakyReLU,0.0033067764119731,6,100,128,9c86798f
279017.75,1732020132,,False,1,1c109980,2024-11-19_13-42-12,1187.4865777492523,1187.4865777492523,17384,MW-PRD-197955,127.0.0.1,1187.4865777492523,1,24,24,1,2000,identity,168,5,1,"['seasonality', 'trend', 'identity']",2,2,2,5,256,0.2507477817511393,LeakyReLU,0.0059196334104277,6,100,128,1c109980
9485524992.0,1732019430,,False,1,84034cf0,2024-11-19_13-30-30,476.304527759552,476.304527759552,23400,MW-PRD-197955,127.0.0.1,476.304527759552,1,24,24,1,2000,identity,168,4,1,"['seasonality', 'trend', 'identity']",2,2,2,5,256,0.2485365353305778,LeakyReLU,0.0034069498275774,6,250,128,84034cf0
255253.3125,1732020324,,False,1,9e46b750,2024-11-19_13-45-24,1192.6431725025177,1192.6431725025177,5476,MW-PRD-197955,127.0.0.1,1192.6431725025177,1,24,24,1,2000,identity,168,4,2,"['seasonality', 'trend', 'identity']",2,2,2,5,256,0.2486646420738614,LeakyReLU,0.0038953265508907,6,250,256,9e46b750
253256.921875,1732019826,,False,1,012398ae,2024-11-19_13-37-06,562.3040952682495,562.3040952682495,4408,MW-PRD-197955,127.0.0.1,562.3040952682495,1,24,24,1,2000,identity,120,5,1,"['seasonality', 'trend', 'identity']",2,2,2,5,256,0.2469630843867062,LeakyReLU,0.0037382615029942,6,250,256,012398ae
278613.0625,1732019766,,False,1,5766efd7,2024-11-19_13-36-06,399.2536745071411,399.2536745071411,2416,MW-PRD-197955,127.0.0.1,399.2536745071411,1,24,24,1,2000,identity,120,5,2,"['seasonality', 'trend', 'identity']",2,2,2,5,64,0.2503712357169467,LeakyReLU,0.0067156305930429,6,250,256,5766efd7
267337.625,1732019791,,False,1,a2dedd76,2024-11-19_13-36-31,350.91718101501465,350.91718101501465,18216,MW-PRD-197955,127.0.0.1,350.91718101501465,1,24,24,1,2000,identity,120,5,2,"['seasonality', 'trend', 'identity']",1,2,2,5,64,0.211461367111117,LeakyReLU,0.0006753875650782,6,100,256,a2dedd76
332372.75,1732019846,,False,1,19e257a4,2024-11-19_13-37-26,211.807847738266,211.807847738266,32388,MW-PRD-197955,127.0.0.1,211.807847738266,1,24,24,1,2000,identity,72,5,5,"['seasonality', 'trend', 'identity']",2,1,2,6,64,0.2156147185935,LeakyReLU,0.0063938720314251,8,250,256,19e257a4
357532.375,1732020376,,False,1,4232e2fc,2024-11-19_13-46-16,600.7013335227966,600.7013335227966,13836,MW-PRD-197955,127.0.0.1,600.7013335227966,1,24,24,1,2000,identity,72,4,5,"['seasonality', 'trend', 'identity']",1,1,2,6,256,0.2113060035760897,LeakyReLU,5.1919624135556926e-05,8,100,128,4232e2fc
329352.125,1732020200,,False,1,2d8aa817,2024-11-19_13-43-20,409.8222143650055,409.8222143650055,11612,MW-PRD-197955,127.0.0.1,409.8222143650055,1,24,24,1,2000,identity,72,5,5,"['seasonality', 'trend', 'identity']",1,1,2,6,256,0.213984502063043,LeakyReLU,0.0006379245488721,8,100,128,2d8aa817
338711.90625,1732020483,,False,1,56e42b57,2024-11-19_13-48-03,682.9574503898621,682.9574503898621,7084,MW-PRD-197955,127.0.0.1,682.9574503898621,1,24,24,1,2000,identity,72,5,5,"['seasonality', 'trend', 'identity']",2,1,2,6,256,0.222081911480748,LeakyReLU,5.577831951573216e-05,7,100,128,56e42b57
335966.125,1732020772,,False,1,07a58ccb,2024-11-19_13-52-52,936.8710176944732,936.8710176944732,11472,MW-PRD-197955,127.0.0.1,936.8710176944732,1,24,24,1,2000,identity,72,5,5,"['seasonality', 'trend', 'identity']",2,1,2,6,256,0.2146321819776444,LeakyReLU,0.0049885470295704,7,250,256,07a58ccb
259981.046875,1732020386,,False,1,11582c9c,2024-11-19_13-46-26,531.2580058574677,531.2580058574677,30640,MW-PRD-197955,127.0.0.1,531.2580058574677,1,24,24,1,2000,identity,120,4,2,"['seasonality', 'trend', 'identity']",2,2,2,6,256,0.1932246863381753,LeakyReLU,0.0019248279352465,7,250,256,11582c9c
255501.109375,1732021071,,False,1,a63cf33b,2024-11-19_13-57-51,1034.3409616947174,1034.3409616947174,19940,MW-PRD-197955,127.0.0.1,1034.3409616947174,1,24,24,1,2000,identity,120,4,2,"['seasonality', 'trend', 'identity']",2,1,2,6,256,0.1981152132451572,LeakyReLU,6.244982093332909e-05,7,250,256,a63cf33b
255600.921875,1732021263,,False,1,2167bab1,2024-11-19_14-01-03,1120.8095796108246,1120.8095796108246,276,MW-PRD-197955,127.0.0.1,1120.8095796108246,1,24,24,1,2000,identity,120,4,2,"['seasonality', 'trend', 'identity']",2,1,2,6,256,0.1188153771558402,LeakyReLU,5.451267983608703e-05,7,250,256,2167bab1
257360.8125,1732021314,,False,1,19236cea,2024-11-19_14-01-54,1104.3248658180237,1104.3248658180237,33544,MW-PRD-197955,127.0.0.1,1104.3248658180237,1,24,24,1,2000,identity,120,4,2,"['seasonality', 'trend', 'identity']",2,2,2,6,256,0.2002827412796892,LeakyReLU,5.502003816640421e-05,7,250,256,19236cea
258426.140625,1732021822,,False,1,5c6927a6,2024-11-19_14-10-22,1488.8147854804993,1488.8147854804993,18336,MW-PRD-197955,127.0.0.1,1488.8147854804993,1,24,24,1,2000,identity,168,6,2,"['seasonality', 'trend', 'identity']",2,2,2,6,256,0.1128122088167851,LeakyReLU,0.0046453305204014,7,250,256,5c6927a6
262305.65625,1732021612,,False,1,f451881d,2024-11-19_14-06-52,1226.5498027801514,1226.5498027801514,21772,MW-PRD-197955,127.0.0.1,1226.5498027801514,1,24,24,1,2000,identity,168,6,2,"['seasonality', 'trend', 'identity']",2,2,2,6,256,0.1896963420308762,LeakyReLU,0.004240552382611,7,250,256,f451881d
288642.375,1732022279,,False,1,4914018d,2024-11-19_14-17-59,1883.935976266861,1883.935976266861,26736,MW-PRD-197955,127.0.0.1,1883.935976266861,1,24,24,1,2000,identity,168,6,2,"['seasonality', 'trend', 'identity']",2,2,2,5,256,0.0682617733803778,LeakyReLU,0.0042163299135623,7,250,256,4914018d
273502.9375,1732020713,,False,1,005ecda2,2024-11-19_13-51-53,221.35568571090693,221.35568571090693,13152,MW-PRD-197955,127.0.0.1,221.35568571090693,1,24,24,1,2000,identity,168,6,2,"['seasonality', 'trend', 'identity']",2,2,2,5,16,0.1152813361887828,LeakyReLU,0.0091663236673396,7,250,256,005ecda2
9217667.0,1732021140,,False,1,d546ce10,2024-11-19_13-59-00,416.758074760437,416.758074760437,15268,MW-PRD-197955,127.0.0.1,416.758074760437,1,24,24,1,2000,identity,120,3,2,"['seasonality', 'trend', 'identity']",2,2,2,5,256,0.1917302393340216,LeakyReLU,0.0041184715351142,5,250,256,d546ce10
949604.75,1732022485,,False,1,49031948,2024-11-19_14-21-25,1703.3327548503876,1703.3327548503876,25796,MW-PRD-197955,127.0.0.1,1703.3327548503876,1,24,24,1,2000,identity,120,3,2,"['seasonality', 'trend', 'identity']",2,2,2,5,256,0.1887386597430018,Sigmoid,0.0002063668016985,5,250,256,49031948
299318.375,1732021529,,False,1,1a6e431d,2024-11-19_14-05-29,449.53252124786377,449.53252124786377,32052,MW-PRD-197955,127.0.0.1,449.53252124786377,1,24,24,1,2000,identity,48,3,2,"['seasonality', 'trend', 'identity']",2,2,2,6,256,0.1267454431654811,LeakyReLU,0.0041691655009434,7,250,256,1a6e431d
305472.8125,1732021654,,False,1,4d948a1b,2024-11-19_14-07-34,505.2724080085754,505.2724080085754,9624,MW-PRD-197955,127.0.0.1,505.2724080085754,1,24,24,1,2000,identity,48,6,2,"['seasonality', 'trend', 'identity']",2,2,2,6,256,0.1250013265382444,LeakyReLU,0.0017596281393973,7,250,256,4d948a1b
418286.8125,1732022044,,False,1,fca1c3b1,2024-11-19_14-14-04,772.12260222435,772.12260222435,6172,MW-PRD-197955,127.0.0.1,772.12260222435,1,24,24,1,2000,identity,48,6,2,"['seasonality', 'trend', 'identity']",2,1,2,6,256,0.1018223744115673,LeakyReLU,2.0914842607644303e-05,7,250,256,fca1c3b1
357200.375,1732022062,,False,1,65774a68,2024-11-19_14-14-22,739.3750200271606,739.3750200271606,20812,MW-PRD-197955,127.0.0.1,739.3750200271606,1,24,24,1,2000,identity,48,6,7,"['seasonality', 'trend', 'identity']",2,1,2,6,256,0.0801475367772152,LeakyReLU,7.161494593932409e-05,8,250,256,65774a68
249495.953125,1732022418,,False,1,3e00145f,2024-11-19_14-20-18,879.5543763637543,879.5543763637543,28304,MW-PRD-197955,127.0.0.1,879.5543763637543,1,24,24,1,2000,identity,168,6,2,"['seasonality', 'trend', 'identity']",2,1,2,6,256,0.0924446721415949,LeakyReLU,0.0002006465840254,8,250,256,3e00145f
949952.0,1732022842,,False,1,b6be4ba3,2024-11-19_14-27-22,1220.8555891513824,1220.8555891513824,32536,MW-PRD-197955,127.0.0.1,1220.8555891513824,1,24,24,1,2000,identity,96,6,7,"['seasonality', 'trend', 'identity']",2,1,2,6,256,0.3127292763201516,Sigmoid,2.035445225484129e-05,8,250,256,b6be4ba3
942537.1875,1732022840,,False,1,6f0d71c1,2024-11-19_14-27-20,1176.428006887436,1176.428006887436,24472,MW-PRD-197955,127.0.0.1,1176.428006887436,1,24,24,1,2000,identity,96,3,3,"['seasonality', 'trend', 'identity']",2,1,2,6,256,0.0846655652459644,Sigmoid,0.0077274675393944,8,250,256,6f0d71c1
949966.5625,1732022688,,False,1,fa7e6b3e,2024-11-19_14-24-48,857.1249496936798,857.1249496936798,25872,MW-PRD-197955,127.0.0.1,857.1249496936798,1,24,24,1,2000,identity,120,1,3,"['seasonality', 'trend', 'identity']",2,1,1,4,256,0.0799679485071843,Sigmoid,2.4285069032854217e-05,8,250,32,fa7e6b3e
949462.8125,1732023464,,False,1,113014f8,2024-11-19_14-37-44,1411.0046291351318,1411.0046291351318,22868,MW-PRD-197955,127.0.0.1,1411.0046291351318,1,24,24,1,2000,identity,120,4,7,"['seasonality', 'trend', 'identity']",2,1,2,5,256,0.0900031970726772,Sigmoid,0.0002967421518912,6,50,32,113014f8
949658.3125,1732023551,,False,1,809d446f,2024-11-19_14-39-11,1479.6321105957031,1479.6321105957031,31464,MW-PRD-197955,127.0.0.1,1479.6321105957031,1,24,24,1,2000,identity,120,4,1,"['seasonality', 'trend', 'identity']",2,1,2,5,256,0.0899576790030418,Sigmoid,0.0001973472038832,6,50,256,809d446f
949963.0,1732022497,,False,1,b0630b62,2024-11-19_14-21-37,209.53356266021729,209.53356266021729,18452,MW-PRD-197955,127.0.0.1,209.53356266021729,1,24,24,1,2000,identity,120,4,1,"['seasonality', 'trend', 'identity']",2,1,2,5,16,0.2612504790464365,Sigmoid,0.0002049344415618,6,50,32,b0630b62
949651.25,1732023684,,False,1,6070ae20,2024-11-19_14-41-24,1256.9570515155792,1256.9570515155792,18488,MW-PRD-197955,127.0.0.1,1256.9570515155792,1,24,24,1,2000,identity,96,7,3,"['seasonality', 'trend', 'identity']",2,1,2,6,256,0.1574206477747376,Sigmoid,0.0001937930940321,9,50,32,6070ae20
299854.0625,1732022862,,False,1,7d946372,2024-11-19_14-27-42,367.9083213806152,367.9083213806152,9012,MW-PRD-197955,127.0.0.1,367.9083213806152,1,24,24,1,2000,identity,96,7,3,"['seasonality', 'trend', 'identity']",2,1,1,6,256,0.1566132087424132,LeakyReLU,0.0003185937891821,9,50,256,7d946372
292051.90625,1732023187,,False,1,065e6a2a,2024-11-19_14-33-07,680.7295501232147,680.7295501232147,28040,MW-PRD-197955,127.0.0.1,680.7295501232147,1,24,24,1,2000,identity,96,7,3,"['seasonality', 'trend', 'identity']",2,1,1,6,256,0.0895778718425487,LeakyReLU,0.0003186297107935,9,250,256,065e6a2a
442808.625,1732022937,,False,1,a8f0a85f,2024-11-19_14-28-57,240.46517181396484,240.46517181396484,24708,MW-PRD-197955,127.0.0.1,240.46517181396484,1,24,24,1,2000,identity,96,7,3,"['seasonality', 'trend', 'identity']",2,1,2,6,8,0.0916607590156839,LeakyReLU,0.0003427273143107,9,250,256,a8f0a85f
266590.6875,1732023165,,False,1,756b6123,2024-11-19_14-32-45,316.6929976940155,316.6929976940155,16560,MW-PRD-197955,127.0.0.1,316.6929976940155,1,24,24,1,2000,identity,168,4,3,"['seasonality', 'trend', 'identity']",2,1,2,6,256,0.0496969201726413,LeakyReLU,0.0003062972682175,9,50,256,756b6123
290299.9375,1732023169,,False,1,a240c118,2024-11-19_14-32-49,311.0425007343292,311.0425007343292,31888,MW-PRD-197955,127.0.0.1,311.0425007343292,1,24,24,1,2000,identity,168,7,3,"['seasonality', 'trend', 'identity']",2,1,2,6,256,0.1616291299253964,LeakyReLU,0.0002875244784867,4,50,256,a240c118
339621.0625,1732023117,,False,1,5c7bc782,2024-11-19_14-31-57,245.45072197914124,245.45072197914124,9520,MW-PRD-197955,127.0.0.1,245.45072197914124,1,24,24,1,2000,identity,168,5,6,"['seasonality', 'trend', 'identity']",2,1,2,4,8,0.2849089728533215,LeakyReLU,0.0025938654206822,10,250,256,5c7bc782
244303.328125,1732023593,,False,1,ee101568,2024-11-19_14-39-53,646.680657863617,646.680657863617,25976,MW-PRD-197955,127.0.0.1,646.680657863617,1,24,24,1,2000,identity,120,4,1,"['seasonality', 'trend', 'identity']",2,1,2,5,256,0.2392490929433083,LeakyReLU,0.0001335174350457,6,100,128,ee101568
252057.1875,1732023957,,False,1,f11fc66a,2024-11-19_14-45-57,831.1631875038147,831.1631875038147,29260,MW-PRD-197955,127.0.0.1,831.1631875038147,1,24,24,1,2000,identity,120,4,1,"['seasonality', 'trend', 'identity']",2,1,2,5,256,0.1646928560706546,LeakyReLU,0.0001382923067066,6,100,128,f11fc66a
254249.671875,1732023998,,False,1,212f9a11,2024-11-19_14-46-38,823.3049509525299,823.3049509525299,25096,MW-PRD-197955,127.0.0.1,823.3049509525299,1,24,24,1,2000,identity,120,4,1,"['seasonality', 'trend', 'identity']",2,1,2,5,256,0.23751049823087,LeakyReLU,0.0001278160360465,6,100,128,212f9a11
255195.3125,1732023803,,False,1,066809a2,2024-11-19_14-43-23,620.0595607757568,620.0595607757568,7796,MW-PRD-197955,127.0.0.1,620.0595607757568,1,24,24,1,2000,identity,120,4,1,"['seasonality', 'trend', 'identity']",2,2,2,5,256,0.2409744379586972,ReLU,0.0001161934343184,6,100,128,066809a2
257051.75,1732024673,,False,1,70eb2d22,2024-11-19_14-57-53,1477.4107685089111,1477.4107685089111,2748,MW-PRD-197955,127.0.0.1,1477.4107685089111,1,24,24,1,2000,identity,120,4,1,"['seasonality', 'trend', 'identity']",2,2,2,5,512,0.2348675578861818,ReLU,0.0001297590065503,6,100,128,70eb2d22
260374.96875,1732024963,,False,1,5a045720,2024-11-19_15-02-43,1489.892956018448,1489.892956018448,29244,MW-PRD-197955,127.0.0.1,1489.892956018448,1,24,24,1,2000,identity,120,4,1,"['seasonality', 'trend', 'identity']",2,2,2,5,512,0.2380766704230655,ReLU,0.000115196456149,6,100,128,5a045720
247046.90625,1732024951,,False,1,dde96a0e,2024-11-19_15-02-31,1391.361624956131,1391.361624956131,19648,MW-PRD-197955,127.0.0.1,1391.361624956131,1,24,24,1,2000,identity,120,5,1,"['seasonality', 'trend', 'identity']",2,2,2,5,512,0.2335900996680109,ReLU,0.0001295573717019,6,100,128,dde96a0e
254644.03125,1732024310,,False,1,8f9bc3bf,2024-11-19_14-51-50,708.1804509162903,708.1804509162903,23208,MW-PRD-197955,127.0.0.1,708.1804509162903,1,24,24,1,2000,identity,120,5,1,"['seasonality', 'trend', 'identity']",2,1,2,5,256,0.2362457390789775,LeakyReLU,0.0001333826540168,2,100,128,8f9bc3bf
344749.6875,1732024039,,False,1,05e94c18,2024-11-19_14-47-19,345.8244185447693,345.8244185447693,20468,MW-PRD-197955,127.0.0.1,345.8244185447693,1,24,24,1,2000,identity,120,5,1,"['seasonality', 'trend', 'identity']",2,1,2,5,32,0.2410755689455979,LeakyReLU,0.0001154580701998,6,100,128,05e94c18
242901.515625,1732024695,,False,1,e659ded4,2024-11-19_14-58-15,882.4670553207397,882.4670553207397,14972,MW-PRD-197955,127.0.0.1,882.4670553207397,1,24,24,1,2000,identity,120,3,1,"['seasonality', 'trend', 'identity']",2,1,2,5,256,0.2399371545525513,LeakyReLU,0.0001029622913212,5,100,128,e659ded4
251302.546875,1732024515,,False,1,2a802493,2024-11-19_14-55-15,549.4474546909332,549.4474546909332,17464,MW-PRD-197955,127.0.0.1,549.4474546909332,1,24,24,1,2000,identity,120,4,1,"['seasonality', 'trend', 'identity']",2,1,2,5,256,0.1343217472836319,LeakyReLU,9.90246914907869e-05,6,100,128,2a802493
247040.859375,1732024943,,False,1,5ac8d348,2024-11-19_15-02-23,935.8196086883544,935.8196086883544,22288,MW-PRD-197955,127.0.0.1,935.8196086883544,1,24,24,1,2000,identity,120,3,1,"['seasonality', 'trend', 'identity']",2,1,2,5,256,0.2641198957054251,LeakyReLU,0.0001016798251701,5,100,128,5ac8d348
571159.4375,1732024181,,False,1,66c9c780,2024-11-19_14-49-41,132.99884605407715,132.99884605407715,36704,MW-PRD-197955,127.0.0.1,132.99884605407715,1,24,24,1,2000,identity,120,4,1,"['seasonality', 'trend', 'identity']",2,1,2,5,256,0.2581544592172762,LeakyReLU,0.0036110963773647,5,100,128,66c9c780
293757.625,1732024559,,False,1,ce401aa9,2024-11-19_14-55-59,368.43323826789856,368.43323826789856,16088,MW-PRD-197955,127.0.0.1,368.43323826789856,1,24,24,1,2000,identity,120,3,1,"['seasonality', 'trend', 'identity']",2,1,2,5,256,0.2385436591390645,LeakyReLU,0.0001331362405482,2,100,128,ce401aa9
268531.15625,1732024844,,False,1,4c5c6636,2024-11-19_15-00-44,523.8846487998962,523.8846487998962,29884,MW-PRD-197955,127.0.0.1,523.8846487998962,1,24,24,1,2000,identity,120,2,1,"['seasonality', 'trend', 'identity']",2,1,2,5,256,0.2349750849516061,LeakyReLU,0.0001376936834174,1,100,128,4c5c6636
319373.65625,1732025134,,False,1,8b29cf88,2024-11-19_15-05-34,609.2536158561707,609.2536158561707,35180,MW-PRD-197955,127.0.0.1,609.2536158561707,1,24,24,1,2000,identity,120,3,1,"['seasonality', 'trend', 'identity']",2,1,2,5,256,0.1398406477676531,LeakyReLU,0.0001350954032326,1,100,128,8b29cf88
276405.84375,1732024913,,False,1,5c259cf0,2024-11-19_15-01-53,344.9629237651825,344.9629237651825,13452,MW-PRD-197955,127.0.0.1,344.9629237651825,1,24,24,1,2000,identity,120,5,1,"['seasonality', 'trend', 'identity']",2,1,2,5,128,0.1364387045957317,LeakyReLU,9.131904287616608e-05,1,100,128,5c259cf0
259807.203125,1732025212,,False,1,1a3f02f6,2024-11-19_15-06-52,528.7143802642822,528.7143802642822,20832,MW-PRD-197955,127.0.0.1,528.7143802642822,1,24,24,1,2000,identity,120,3,1,"['seasonality', 'trend', 'identity']",2,1,2,5,128,0.138828938172984,LeakyReLU,0.0001071181034723,2,100,128,1a3f02f6
255392.296875,1732025103,,False,1,8786d525,2024-11-19_15-05-03,398.1857852935791,398.1857852935791,17608,MW-PRD-197955,127.0.0.1,398.1857852935791,1,24,24,1,2000,identity,120,2,1,"['seasonality', 'trend', 'identity']",2,1,2,5,128,0.1387479154477104,LeakyReLU,0.0001039646507274,1,100,128,8786d525
267957.4375,1732025365,,False,1,6f927fa4,2024-11-19_15-09-25,511.016220331192,511.016220331192,24780,MW-PRD-197955,127.0.0.1,511.016220331192,1,24,24,1,2000,identity,120,3,1,"['seasonality', 'trend', 'identity']",2,1,2,4,128,0.1396899543821785,LeakyReLU,0.0001031037991744,2,100,128,6f927fa4
289868.21875,1732025296,,False,1,b58d81cf,2024-11-19_15-08-16,373.5236098766327,373.5236098766327,23996,MW-PRD-197955,127.0.0.1,373.5236098766327,1,24,24,1,2000,identity,120,3,1,"['seasonality', 'trend', 'identity']",2,1,2,5,256,0.2231790338901715,LeakyReLU,0.0001133889299625,2,100,128,b58d81cf
288179.875,1732025550,,False,1,ca4d040b,2024-11-19_15-12-30,597.1924269199371,597.1924269199371,32608,MW-PRD-197955,127.0.0.1,597.1924269199371,1,24,24,1,2000,identity,120,3,1,"['seasonality', 'trend', 'identity']",2,1,2,5,256,0.266268638462958,LeakyReLU,0.0001053467253936,2,100,128,ca4d040b
248244.28125,1732025778,,False,1,8462f4f6,2024-11-19_15-16-18,815.7516536712646,815.7516536712646,35992,MW-PRD-197955,127.0.0.1,815.7516536712646,1,24,24,1,2000,identity,120,2,1,"['seasonality', 'trend', 'identity']",2,1,2,5,256,0.2643585027905973,LeakyReLU,0.0001018374739639,5,100,128,8462f4f6
244272.078125,1732025833,,False,1,46c88db9,2024-11-19_15-17-13,860.7814643383026,860.7814643383026,25524,MW-PRD-197955,127.0.0.1,860.7814643383026,1,24,24,1,2000,identity,120,3,1,"['seasonality', 'trend', 'identity']",2,1,2,5,256,0.2569682043285021,LeakyReLU,0.000103197538307,5,100,128,46c88db9
249415.53125,1732025969,,False,1,314bebda,2024-11-19_15-19-29,856.9674696922302,856.9674696922302,4668,MW-PRD-197955,127.0.0.1,856.9674696922302,1,24,24,1,2000,identity,120,3,1,"['seasonality', 'trend', 'identity']",2,1,2,4,256,0.2686236001308523,LeakyReLU,7.445997977868601e-05,5,100,128,314bebda
247862.625,1732025943,,False,1,f7a954ce,2024-11-19_15-19-03,799.795024394989,799.795024394989,7348,MW-PRD-197955,127.0.0.1,799.795024394989,1,24,24,1,2000,identity,120,3,1,"['seasonality', 'trend', 'identity']",2,1,2,4,256,0.2617873956468093,LeakyReLU,8.599146392842707e-05,5,100,128,f7a954ce
507731.96875,1732025529,,False,1,c8eddf0e,2024-11-19_15-12-09,306.9479002952576,306.9479002952576,11748,MW-PRD-197955,127.0.0.1,306.9479002952576,1,24,24,1,2000,identity,120,3,1,"['seasonality', 'trend', 'identity']",2,1,2,4,16,0.2612762951326512,LeakyReLU,8.50655169582844e-05,5,100,128,c8eddf0e
524867.1875,1732025614,,False,1,92d8182c,2024-11-19_15-13-34,308.2146563529968,308.2146563529968,15532,MW-PRD-197955,127.0.0.1,308.2146563529968,1,24,24,1,2000,identity,120,3,1,"['seasonality', 'trend', 'identity']",2,1,2,4,16,0.2629513602713614,LeakyReLU,7.850907274456304e-05,5,100,128,92d8182c
346374.90625,1732025696,,False,1,6b133aaf,2024-11-19_15-14-56,321.4765980243683,321.4765980243683,35824,MW-PRD-197955,127.0.0.1,321.4765980243683,1,24,24,1,2000,identity,24,3,1,"['seasonality', 'trend', 'identity']",2,1,2,4,256,0.2640204138825628,LeakyReLU,0.0002376855956216,5,100,128,6b133aaf
266861.5625,1732026125,,False,1,19714e5e,2024-11-19_15-22-05,586.9940123558044,586.9940123558044,4912,MW-PRD-197955,127.0.0.1,586.9940123558044,1,24,24,1,2000,identity,120,3,1,"['seasonality', 'trend', 'identity']",2,1,2,5,256,0.2712586984925857,LeakyReLU,0.0001622384119488,4,100,64,19714e5e
251920.203125,1732026393,,False,1,2b1566f2,2024-11-19_15-26-33,833.3060195446014,833.3060195446014,23544,MW-PRD-197955,127.0.0.1,833.3060195446014,1,24,24,1,2000,identity,120,5,1,"['seasonality', 'trend', 'identity']",2,1,2,5,256,0.2272073219806742,LeakyReLU,0.0001725110037549,4,100,128,2b1566f2
354416.375,1732026020,,False,1,adf04be2,2024-11-19_15-20-20,397.1881732940674,397.1881732940674,26960,MW-PRD-197955,127.0.0.1,397.1881732940674,1,24,24,1,2000,identity,24,5,1,"['seasonality', 'trend', 'identity']",2,1,2,5,256,0.2831873268667136,LeakyReLU,0.0001608529397916,5,100,128,adf04be2
292781.1875,1732026010,,False,1,3b62c69a,2024-11-19_15-20-10,304.46077013015747,304.46077013015747,34832,MW-PRD-197955,127.0.0.1,304.46077013015747,1,24,24,1,2000,identity,120,5,1,"['seasonality', 'trend', 'identity']",2,1,2,5,256,0.2254377291633141,LeakyReLU,0.0001651253495479,4,100,128,3b62c69a
257302.640625,1732026600,,False,1,578ab187,2024-11-19_15-30-00,812.101979970932,812.101979970932,22928,MW-PRD-197955,127.0.0.1,812.101979970932,1,24,24,1,2000,identity,120,1,1,"['seasonality', 'trend', 'identity']",2,1,2,5,256,0.1660222232233059,LeakyReLU,0.0001561513147992,4,100,64,578ab187
263526.84375,1732026399,,False,1,136bef52,2024-11-19_15-26-39,556.8636138439178,556.8636138439178,36564,MW-PRD-197955,127.0.0.1,556.8636138439178,1,24,24,1,2000,identity,120,2,4,"['seasonality', 'trend', 'identity']",2,1,2,5,256,0.2782845119395788,LeakyReLU,0.0001725900312385,4,100,64,136bef52
251248.40625,1732026843,,False,1,868d2e2d,2024-11-19_15-34-03,891.1846356391907,891.1846356391907,29528,MW-PRD-197955,127.0.0.1,891.1846356391907,1,24,24,1,2000,identity,120,2,1,"['seasonality', 'trend', 'identity']",2,1,2,4,256,0.2817785404955295,LeakyReLU,6.256627912076084e-05,4,100,64,868d2e2d
286049.3125,1732026362,,False,1,b1bec726,2024-11-19_15-26-02,383.3088986873626,383.3088986873626,33228,MW-PRD-197955,127.0.0.1,383.3088986873626,1,24,24,1,2000,identity,120,2,8,"['seasonality', 'trend', 'identity']",2,1,2,4,64,0.28004603847176,LeakyReLU,0.0001724337532394,4,100,64,b1bec726
949939.0625,1732026511,,False,1,bbf04436,2024-11-19_15-28-31,491.5868332386017,491.5868332386017,37072,MW-PRD-197955,127.0.0.1,491.5868332386017,1,24,24,1,2000,identity,120,2,8,"['seasonality', 'trend', 'identity']",2,1,2,4,64,0.2808419301407465,Tanh,6.735479643548418e-05,4,100,128,bbf04436
949845.4375,1732027406,,False,1,d1ce0dda,2024-11-19_15-43-26,1375.6785521507263,1375.6785521507263,36748,MW-PRD-197955,127.0.0.1,1375.6785521507263,1,24,24,1,2000,identity,120,2,1,"['seasonality', 'trend', 'identity']",2,1,2,4,256,0.2996135678212569,Tanh,7.006737763342237e-05,4,100,64,d1ce0dda
949937.0,1732026625,,False,1,7de33401,2024-11-19_15-30-25,489.7666938304901,489.7666938304901,8060,MW-PRD-197955,127.0.0.1,489.7666938304901,1,24,24,1,2000,identity,120,2,10,"['seasonality', 'trend', 'identity']",2,1,2,4,64,0.2941005058334411,Tanh,7.08853265328783e-05,4,100,128,7de33401
255823.328125,1732027244,,False,1,959f230a,2024-11-19_15-40-44,871.972247838974,871.972247838974,26748,MW-PRD-197955,127.0.0.1,871.972247838974,1,24,24,1,2000,identity,120,2,1,"['seasonality', 'trend', 'identity']",2,1,2,4,256,0.2958142750680802,LeakyReLU,6.96312350447275e-05,5,100,128,959f230a
248780.125,1732027285,,False,1,520121d2,2024-11-19_15-41-25,882.93168592453,882.93168592453,32476,MW-PRD-197955,127.0.0.1,882.93168592453,1,24,24,1,2000,identity,120,2,1,"['seasonality', 'trend', 'identity']",2,1,2,4,256,0.2547901923637891,LeakyReLU,7.072432413897531e-05,5,100,128,520121d2
949892.1875,1732027779,,False,1,006e140f,2024-11-19_15-49-39,1367.2723770141602,1367.2723770141602,34404,MW-PRD-197955,127.0.0.1,1367.2723770141602,1,24,24,1,2000,identity,120,1,1,"['seasonality', 'trend', 'identity']",2,1,2,4,256,0.3048579463279793,Tanh,6.472461642390187e-05,5,100,128,006e140f
246516.234375,1732027381,,False,1,60eb7b22,2024-11-19_15-43-01,860.481118440628,860.481118440628,35344,MW-PRD-197955,127.0.0.1,860.481118440628,1,24,24,1,2000,identity,120,3,1,"['seasonality', 'trend', 'identity']",2,1,2,4,256,0.2985503333921367,LeakyReLU,7.532380328012652e-05,5,100,128,60eb7b22
245482.203125,1732027647,,False,1,7adda926,2024-11-19_15-47-27,1037.9107081890106,1037.9107081890106,31768,MW-PRD-197955,127.0.0.1,1037.9107081890106,1,24,24,1,2000,identity,120,3,1,"['seasonality', 'trend', 'identity']",2,1,2,4,256,0.2988609901507852,LeakyReLU,7.976499246163779e-05,5,100,128,7adda926
262037.0,1732027571,,False,1,9a457f4a,2024-11-19_15-46-11,937.0818750858308,937.0818750858308,24620,MW-PRD-197955,127.0.0.1,937.0818750858308,1,24,24,1,2000,identity,120,3,1,"['seasonality', 'trend', 'identity']",2,1,2,4,256,0.3061557832057884,LeakyReLU,4.3585694940114864e-05,5,100,128,9a457f4a
262171.21875,1732028108,,False,1,a63f7a2e,2024-11-19_15-55-08,1255.439376592636,1255.439376592636,32904,MW-PRD-197955,127.0.0.1,1255.439376592636,1,24,24,1,2000,identity,120,2,1,"['seasonality', 'trend', 'identity']",2,1,2,3,256,0.311720889946085,LeakyReLU,4.818053977457397e-05,5,100,128,a63f7a2e
238448.078125,1732028125,,False,1,b29200fd,2024-11-19_15-55-25,872.3218669891357,872.3218669891357,35716,MW-PRD-197955,127.0.0.1,872.3218669891357,1,24,24,1,2000,identity,120,3,9,"['seasonality', 'trend', 'identity']",2,1,2,3,256,0.3042617822265803,LeakyReLU,9.005177505772257e-05,5,100,128,b29200fd
258864.609375,1732028562,,False,1,1e6c0128,2024-11-19_16-02-42,1266.759200334549,1266.759200334549,19044,MW-PRD-197955,127.0.0.1,1266.759200334549,1,24,24,1,2000,identity,120,2,1,"['seasonality', 'trend', 'identity']",2,1,2,3,256,0.2511498404933614,LeakyReLU,4.611397097654388e-05,5,100,128,1e6c0128
267597.46875,1732028454,,False,1,a62f8d5b,2024-11-19_16-00-54,1064.025624752045,1064.025624752045,22512,MW-PRD-197955,127.0.0.1,1064.025624752045,1,24,24,1,2000,identity,120,2,9,"['seasonality', 'trend', 'identity']",2,1,2,3,256,0.3069869939309558,LeakyReLU,4.456038834381091e-05,5,100,128,a62f8d5b
247203.3125,1732028180,,False,1,60205e67,2024-11-19_15-56-20,765.2281265258789,765.2281265258789,37768,MW-PRD-197955,127.0.0.1,765.2281265258789,1,24,24,1,2000,identity,120,1,1,"['seasonality', 'trend', 'identity']",2,1,2,3,256,0.2529762322186835,LeakyReLU,8.607055005925065e-05,5,100,128,60205e67
249182.1875,1732028402,,False,1,7db1e50a,2024-11-19_16-00-02,820.6215364933014,820.6215364933014,19148,MW-PRD-197955,127.0.0.1,820.6215364933014,1,24,24,1,2000,identity,120,2,9,"['seasonality', 'trend', 'identity']",2,1,2,3,256,0.3159862174334675,LeakyReLU,8.86400793978553e-05,5,100,128,7db1e50a
250324.578125,1732028629,,False,1,572ac72b,2024-11-19_16-03-49,972.383849143982,972.383849143982,25888,MW-PRD-197955,127.0.0.1,972.383849143982,1,24,24,1,2000,identity,120,2,1,"['seasonality', 'trend', 'identity']",2,1,2,3,256,0.3349681552217608,LeakyReLU,9.071907090890988e-05,5,100,128,572ac72b
264067.0,1732028319,,False,1,76bdcc71,2024-11-19_15-58-39,530.5170338153839,530.5170338153839,37708,MW-PRD-197955,127.0.0.1,530.5170338153839,1,24,24,1,2000,identity,120,3,1,"['seasonality', 'trend', 'identity']",2,1,2,3,256,0.3177538613005837,LeakyReLU,9.979314598968188e-05,5,100,128,76bdcc71
243624.828125,1732029061,,False,1,bc8c064c,2024-11-19_16-11-01,943.0511138439178,943.0511138439178,19232,MW-PRD-197955,127.0.0.1,943.0511138439178,1,24,24,1,2000,identity,120,3,1,"['seasonality', 'trend', 'identity']",2,1,2,4,256,0.3287424667784686,LeakyReLU,8.317029206790815e-05,5,100,128,bc8c064c
251626.21875,1732028994,,False,1,99b3815e,2024-11-19_16-09-54,859.9638061523438,859.9638061523438,16444,MW-PRD-197955,127.0.0.1,859.9638061523438,1,24,24,1,2000,identity,120,3,1,"['seasonality', 'trend', 'identity']",2,1,2,3,256,0.2556528543418037,LeakyReLU,8.269730255719802e-05,5,100,128,99b3815e
253987.921875,1732029217,,False,1,f797d161,2024-11-19_16-13-37,1027.3430886268616,1027.3430886268616,16248,MW-PRD-197955,127.0.0.1,1027.3430886268616,1,24,24,1,2000,identity,120,1,1,"['seasonality', 'trend', 'identity']",2,1,2,3,256,0.3372567238486222,LeakyReLU,7.984232246265846e-05,5,100,128,f797d161
412574.09375,1732028526,,False,1,d737c89d,2024-11-19_16-02-06,198.2123110294342,198.2123110294342,36756,MW-PRD-197955,127.0.0.1,198.2123110294342,1,24,24,1,2000,identity,120,3,1,"['seasonality', 'trend', 'identity']",2,1,2,3,32,0.3626165957353564,LeakyReLU,8.150350961091747e-05,5,100,128,d737c89d
395198.5625,1732028767,,False,1,410a1bbf,2024-11-19_16-06-07,355.75955510139465,355.75955510139465,16612,MW-PRD-197955,127.0.0.1,355.75955510139465,1,24,24,1,2000,identity,120,1,9,"['seasonality', 'trend', 'identity']",2,1,2,3,32,0.3314128092952572,LeakyReLU,8.335685623028307e-05,5,100,128,410a1bbf
385980.0625,1732028820,,False,1,a486ef19,2024-11-19_16-07-00,355.85738015174866,355.85738015174866,24164,MW-PRD-197955,127.0.0.1,355.85738015174866,1,24,24,1,2000,identity,120,1,9,"['seasonality', 'trend', 'identity']",2,1,2,3,32,0.2879450959158027,LeakyReLU,7.914684464172546e-05,5,100,128,a486ef19
252522.703125,1732029402,,False,1,2819c978,2024-11-19_16-16-42,866.396470785141,866.396470785141,19868,MW-PRD-197955,127.0.0.1,866.396470785141,1,24,24,1,2000,identity,120,1,9,"['seasonality', 'trend', 'identity']",2,1,2,3,256,0.3293936050228572,LeakyReLU,8.151995527274474e-05,5,100,128,2819c978
250984.953125,1732029595,,False,1,ae0cdcf8,2024-11-19_16-19-55,1023.7425312995912,1023.7425312995912,20124,MW-PRD-197955,127.0.0.1,1023.7425312995912,1,24,24,1,2000,identity,120,1,9,"['seasonality', 'trend', 'identity']",2,1,2,2,256,0.3302687089190723,LeakyReLU,8.652886997143873e-05,5,100,128,ae0cdcf8
245129.59375,1732029350,,False,1,42caf769,2024-11-19_16-15-50,711.8615667819977,711.8615667819977,18008,MW-PRD-197955,127.0.0.1,711.8615667819977,1,24,24,1,2000,identity,120,1,9,"['seasonality', 'trend', 'identity']",2,1,2,3,256,0.255588321293111,LeakyReLU,8.966910974183286e-05,5,100,128,42caf769
249748.703125,1732029492,,False,1,ff0ecb8c,2024-11-19_16-18-12,715.1356027126312,715.1356027126312,36124,MW-PRD-197955,127.0.0.1,715.1356027126312,1,24,24,1,2000,identity,120,1,9,"['seasonality', 'trend', 'identity']",2,1,2,3,256,0.2535368107307684,LeakyReLU,9.030244896054068e-05,5,100,128,ff0ecb8c
244332.28125,1732029802,,False,1,ea3d89b7,2024-11-19_16-23-22,973.1900980472564,973.1900980472564,30516,MW-PRD-197955,127.0.0.1,973.1900980472564,1,24,24,1,2000,identity,120,3,1,"['seasonality', 'trend', 'identity']",2,1,2,2,256,0.3257356663703494,LeakyReLU,9.033276789869854e-05,5,100,128,ea3d89b7
242361.875,1732029850,,False,1,ec07efcb,2024-11-19_16-24-10,845.2516305446625,845.2516305446625,36508,MW-PRD-197955,127.0.0.1,845.2516305446625,1,24,24,1,2000,identity,120,3,9,"['seasonality', 'trend', 'identity']",2,1,2,3,256,0.3290171615514434,LeakyReLU,9.242254626772796e-05,5,100,128,ec07efcb
751716.9375,1732029361,,False,1,d48926e8,2024-11-19_16-16-01,290.41537642478943,290.41537642478943,36344,MW-PRD-197955,127.0.0.1,290.41537642478943,1,24,24,1,2000,identity,120,3,9,"['seasonality', 'trend', 'identity']",2,1,2,4,8,0.3268078684048608,LeakyReLU,5.6403676555379776e-05,5,100,128,d48926e8
734474.1875,1732029526,,False,1,c33d72ad,2024-11-19_16-18-46,299.2597658634186,299.2597658634186,17252,MW-PRD-197955,127.0.0.1,299.2597658634186,1,24,24,1,2000,identity,120,3,9,"['seasonality', 'trend', 'identity']",2,1,2,4,8,0.3234704141553814,LeakyReLU,5.9943846043343793e-05,5,100,128,c33d72ad
624949.5625,1732029629,,False,1,6869d38a,2024-11-19_16-20-29,268.318861246109,268.318861246109,18824,MW-PRD-197955,127.0.0.1,268.318861246109,1,24,24,1,2000,identity,120,1,9,"['seasonality', 'trend', 'identity']",2,1,2,2,8,0.2697138648878924,LeakyReLU,9.4427845245251e-05,5,100,128,6869d38a
245481.703125,1732030280,,False,1,55036dfb,2024-11-19_16-31-20,909.7576179504396,909.7576179504396,36300,MW-PRD-197955,127.0.0.1,909.7576179504396,1,24,24,1,2000,identity,120,1,9,"['seasonality', 'trend', 'identity']",2,1,2,2,256,0.320469565758458,LeakyReLU,9.017997282806922e-05,5,100,128,55036dfb
249299.453125,1732030099,,False,1,2323cb12,2024-11-19_16-28-19,686.5156135559082,686.5156135559082,37404,MW-PRD-197955,127.0.0.1,686.5156135559082,1,24,24,1,2000,identity,120,3,9,"['seasonality', 'trend', 'identity']",2,1,2,3,256,0.271101480979259,LeakyReLU,9.629820727187863e-05,5,100,128,2323cb12
281638.03125,1732030148,,False,1,2bd4300f,2024-11-19_16-29-08,646.5090329647064,646.5090329647064,24856,MW-PRD-197955,127.0.0.1,646.5090329647064,1,24,24,1,2000,identity,120,3,10,"['seasonality', 'trend', 'identity']",2,1,2,4,256,0.4603694019568859,LeakyReLU,9.566340673830829e-05,5,100,128,2bd4300f
276162.1875,1732030167,,False,1,87640073,2024-11-19_16-29-27,631.6279671192169,631.6279671192169,20476,MW-PRD-197955,127.0.0.1,631.6279671192169,1,24,24,1,2000,identity,144,3,6,"['seasonality', 'trend', 'identity']",2,1,2,3,256,0.435080503323544,LeakyReLU,9.794949249064044e-05,5,100,128,87640073
267586.34375,1732030237,,False,1,0dfcd91d,2024-11-19_16-30-37,632.7088632583618,632.7088632583618,22172,MW-PRD-197955,127.0.0.1,632.7088632583618,1,24,24,1,2000,identity,144,3,8,"['seasonality', 'trend', 'identity']",2,1,2,4,256,0.2692896030922073,LeakyReLU,9.747880378380224e-05,5,100,128,0dfcd91d
268465.34375,1732030715,,False,1,20dc2e11,2024-11-19_16-38-35,1076.7042553424835,1076.7042553424835,7976,MW-PRD-197955,127.0.0.1,1076.7042553424835,1,24,24,1,2000,identity,144,3,10,"['seasonality', 'trend', 'identity']",2,1,2,3,256,0.3697470717334722,LeakyReLU,7.339059026548654e-05,5,100,128,20dc2e11
250943.84375,1732030766,,False,1,9a6e774f,2024-11-19_16-39-26,953.4328665733336,953.4328665733336,23448,MW-PRD-197955,127.0.0.1,953.4328665733336,1,24,24,1,2000,identity,120,3,10,"['seasonality', 'trend', 'identity']",2,1,2,2,256,0.3666612823524458,LeakyReLU,7.460971658072491e-05,5,100,128,9a6e774f
inf,1732029859,,False,1,5897573f,2024-11-19_16-24-19,0.0292651653289794,0.0292651653289794,35376,MW-PRD-197955,127.0.0.1,0.0292651653289794,1,24,24,1,2000,identity,144,3,9,"['seasonality', 'trend', 'identity']",2,1,2,1,256,0.2879714483088273,LeakyReLU,0.0001127270186431,5,100,128,5897573f
260474.796875,1732030591,,False,1,36eb625f,2024-11-19_16-36-31,722.8111343383789,722.8111343383789,37676,MW-PRD-197955,127.0.0.1,722.8111343383789,1,24,24,1,2000,identity,120,3,10,"['seasonality', 'trend', 'identity']",2,1,2,2,256,0.351468758499505,LeakyReLU,9.7326547220816e-05,5,100,128,36eb625f
266341.6875,1732030709,,False,1,0ac10261,2024-11-19_16-38-29,600.2727978229523,600.2727978229523,11568,MW-PRD-197955,127.0.0.1,600.2727978229523,1,24,24,1,2000,identity,120,3,10,"['seasonality', 'trend', 'identity']",2,1,2,3,256,0.3609253374268223,LeakyReLU,0.0001141485368254,5,100,128,0ac10261
258192.203125,1732030842,,False,1,2fa21e72,2024-11-19_16-40-42,684.7475371360779,684.7475371360779,33128,MW-PRD-197955,127.0.0.1,684.7475371360779,1,24,24,1,2000,identity,120,3,8,"['seasonality', 'trend', 'identity']",2,1,2,3,256,0.3176688258969231,LeakyReLU,0.0001154835235042,5,100,128,2fa21e72
260154.890625,1732030955,,False,1,bf754a81,2024-11-19_16-42-35,779.1212749481201,779.1212749481201,11620,MW-PRD-197955,127.0.0.1,779.1212749481201,1,24,24,1,2000,identity,120,3,8,"['seasonality', 'trend', 'identity']",2,1,2,3,256,0.3503937599816813,LeakyReLU,0.0001194399176444,5,100,128,bf754a81
263474.0625,1732030844,,False,1,ba0333a7,2024-11-19_16-40-44,597.1113014221191,597.1113014221191,26904,MW-PRD-197955,127.0.0.1,597.1113014221191,1,24,24,1,2000,identity,120,3,10,"['seasonality', 'trend', 'identity']",2,1,2,3,256,0.3452193227375,LeakyReLU,0.0001192626728533,5,100,128,ba0333a7
264607.46875,1732030886,,False,1,aa780843,2024-11-19_16-41-26,596.5621957778931,596.5621957778931,33020,MW-PRD-197955,127.0.0.1,596.5621957778931,1,24,24,1,2000,identity,120,3,9,"['seasonality', 'trend', 'identity']",2,1,2,2,256,0.3521337204927601,LeakyReLU,0.0001177199506737,5,100,128,aa780843
248652.640625,1732031459,,False,1,b61a1be8,2024-11-19_16-50-59,858.4381318092346,858.4381318092346,34768,MW-PRD-197955,127.0.0.1,858.4381318092346,1,24,24,1,2000,identity,120,3,9,"['seasonality', 'trend', 'identity']",2,1,2,2,256,0.3600897153866338,LeakyReLU,0.000122064522047,5,100,128,b61a1be8
255223.875,1732031591,,False,1,b6755063,2024-11-19_16-53-11,872.644947052002,872.644947052002,29156,MW-PRD-197955,127.0.0.1,872.644947052002,1,24,24,1,2000,identity,120,1,9,"['seasonality', 'trend', 'identity']",2,1,2,2,256,0.3415464194558114,LeakyReLU,6.764747457001517e-05,5,100,128,b6755063
242077.890625,1732031535,,False,1,85b43783,2024-11-19_16-52-15,807.2188341617584,807.2188341617584,36740,MW-PRD-197955,127.0.0.1,807.2188341617584,1,24,24,1,2000,identity,120,1,9,"['seasonality', 'trend', 'identity']",2,1,2,2,256,0.31604659873044,LeakyReLU,0.0001264439810407,5,100,128,85b43783
232861.515625,1732031635,,False,1,490dda01,2024-11-19_16-53-55,859.6675541400909,859.6675541400909,34920,MW-PRD-197955,127.0.0.1,859.6675541400909,1,24,24,1,2000,identity,120,1,9,"['seasonality', 'trend', 'identity']",2,1,2,3,256,0.3189978915727066,LeakyReLU,0.0001253239937747,5,100,128,490dda01
255956.234375,1732031888,,False,1,271b919b,2024-11-19_16-58-08,1036.9924128055573,1036.9924128055573,30884,MW-PRD-197955,127.0.0.1,1036.9924128055573,1,24,24,1,2000,identity,120,1,9,"['seasonality', 'trend', 'identity']",2,1,2,2,256,0.3179745112885342,LeakyReLU,6.415313786996937e-05,5,100,128,271b919b
258399.203125,1732031514,,False,1,61921343,2024-11-19_16-51-54,653.095205783844,653.095205783844,31688,MW-PRD-197955,127.0.0.1,653.095205783844,1,24,24,1,2000,identity,120,2,9,"['seasonality', 'trend', 'identity']",2,1,2,2,256,0.3428888133986459,LeakyReLU,0.0001434039199229,5,100,128,61921343
259728.5,1732032143,,False,1,95c2bb3b,2024-11-19_17-02-23,1247.048492193222,1247.048492193222,30360,MW-PRD-197955,127.0.0.1,1247.048492193222,1,24,24,1,2000,identity,120,1,9,"['seasonality', 'trend', 'identity']",2,1,2,2,256,0.2986022691257597,LeakyReLU,6.257304558551595e-05,6,100,128,95c2bb3b
253735.53125,1732032011,,False,1,26351fac,2024-11-19_17-00-11,1046.393436908722,1046.393436908722,20672,MW-PRD-197955,127.0.0.1,1046.393436908722,1,24,24,1,2000,identity,120,1,9,"['seasonality', 'trend', 'identity']",2,1,2,2,256,0.3206760857300083,LeakyReLU,6.514294236852369e-05,5,100,128,26351fac
256702.5625,1732032053,,False,1,5f52efcd,2024-11-19_17-00-53,584.2466883659363,584.2466883659363,17084,MW-PRD-197955,127.0.0.1,584.2466883659363,1,24,24,1,2000,identity,120,1,9,"['seasonality', 'trend', 'identity']",2,1,2,2,256,0.4002181634903,LeakyReLU,0.000141714220337,5,100,128,5f52efcd
inf,1732031524,,False,1,b2a31a4d,2024-11-19_16-52-04,0.054272174835205,0.054272174835205,8060,MW-PRD-197955,127.0.0.1,0.054272174835205,1,24,24,1,2000,identity,48,1,9,"['seasonality', 'trend', 'identity']",2,1,2,1,256,0.3151771144860484,LeakyReLU,6.360732800324508e-05,5,100,128,b2a31a4d
247342.4375,1732032431,,False,1,d7c48d1e,2024-11-19_17-07-11,897.5466258525848,897.5466258525848,8772,MW-PRD-197955,127.0.0.1,897.5466258525848,1,24,24,1,2000,identity,120,2,9,"['seasonality', 'trend', 'identity']",2,1,2,2,256,0.3002979206255049,LeakyReLU,8.426984326523878e-05,5,100,128,d7c48d1e
251920.265625,1732032349,,False,1,3c8fcad9,2024-11-19_17-05-49,803.2695536613464,803.2695536613464,16376,MW-PRD-197955,127.0.0.1,803.2695536613464,1,24,24,1,2000,identity,120,1,9,"['seasonality', 'trend', 'identity']",2,1,2,2,256,0.3026930043908969,LeakyReLU,6.994126284471172e-05,5,100,128,3c8fcad9
331923.09375,1732032323,,False,1,b0f9031e,2024-11-19_17-05-23,722.8886470794678,722.8886470794678,17852,MW-PRD-197955,127.0.0.1,722.8886470794678,1,24,24,1,2000,identity,72,1,9,"['seasonality', 'trend', 'identity']",2,1,2,2,256,0.2974044016951621,LeakyReLU,9.07898762922575e-05,6,100,128,b0f9031e
244348.15625,1732032669,,False,1,f145347b,2024-11-19_17-11-09,1025.0274057388306,1025.0274057388306,31060,MW-PRD-197955,127.0.0.1,1025.0274057388306,1,24,24,1,2000,identity,120,1,9,"['seasonality', 'trend', 'identity']",2,1,2,2,256,0.2997667938161759,LeakyReLU,0.0001413010724504,6,100,128,f145347b
321456.15625,1732032554,,False,1,067d0fa4,2024-11-19_17-09-14,656.0707623958588,656.0707623958588,7868,MW-PRD-197955,127.0.0.1,656.0707623958588,1,24,24,1,2000,identity,72,1,9,"['seasonality', 'trend', 'identity']",2,1,2,2,256,0.2933888796055072,LeakyReLU,0.0001306797039143,6,100,128,067d0fa4
331150.15625,1732032697,,False,1,e2749397,2024-11-19_17-11-37,676.3737556934357,676.3737556934357,2836,MW-PRD-197955,127.0.0.1,676.3737556934357,1,24,24,1,2000,identity,72,1,9,"['seasonality', 'trend', 'identity']",2,1,2,2,256,0.3880654634539678,LeakyReLU,0.0001378303632212,6,100,128,e2749397
257313.96875,1732033020,,False,1,01fffc17,2024-11-19_17-17-00,957.2890956401824,957.2890956401824,24620,MW-PRD-197955,127.0.0.1,957.2890956401824,1,24,24,1,2000,identity,120,1,1,"['seasonality', 'trend', 'identity']",2,1,2,2,256,0.3767677574493139,LeakyReLU,0.0001054766288496,6,100,128,01fffc17
245329.0625,1732032927,,False,1,44697b4a,2024-11-19_17-15-27,774.7330560684204,774.7330560684204,33804,MW-PRD-197955,127.0.0.1,774.7330560684204,1,24,24,1,2000,identity,120,1,9,"['seasonality', 'trend', 'identity']",2,1,2,2,256,0.2998427180430863,LeakyReLU,8.710305621232286e-05,5,100,128,44697b4a
255668.28125,1732033243,,False,1,c6807801,2024-11-19_17-20-43,910.4716255664824,910.4716255664824,20724,MW-PRD-197955,127.0.0.1,910.4716255664824,1,24,24,1,2000,identity,120,2,9,"['seasonality', 'trend', 'identity']",2,1,2,2,256,0.3750605846971434,LeakyReLU,8.721966051371395e-05,5,100,128,c6807801
348474.25,1732032863,,False,1,ca6285c2,2024-11-19_17-14-23,504.7964959144592,504.7964959144592,1684,MW-PRD-197955,127.0.0.1,504.7964959144592,1,24,24,1,2000,identity,24,2,9,"['seasonality', 'trend', 'identity']",2,1,2,2,256,0.2503508428410224,LeakyReLU,0.0001031528467994,5,100,128,ca6285c2
246781.984375,1732033295,,False,1,7a9da67f,2024-11-19_17-21-35,854.9285845756531,854.9285845756531,32420,MW-PRD-197955,127.0.0.1,854.9285845756531,1,24,24,1,2000,identity,120,2,1,"['seasonality', 'trend', 'identity']",2,1,2,2,256,0.2571225164569368,LeakyReLU,0.0001068828182925,5,100,128,7a9da67f
563636.5625,1732032703,,False,1,5d4c019a,2024-11-19_17-11-43,139.41010904312134,139.41010904312134,34584,MW-PRD-197955,127.0.0.1,139.41010904312134,1,24,24,1,2000,identity,24,2,1,"['seasonality', 'trend', 'identity']",2,1,2,2,16,0.2558027963196039,LeakyReLU,0.0001052353687861,5,100,128,5d4c019a
462127.03125,1732032897,,False,1,41be153b,2024-11-19_17-14-57,217.70557737350464,217.70557737350464,35644,MW-PRD-197955,127.0.0.1,217.70557737350464,1,24,24,1,2000,identity,120,1,9,"['seasonality', 'trend', 'identity']",2,1,2,2,16,0.3121824798707693,LeakyReLU,0.0001072707432023,6,100,32,41be153b
462910.65625,1732032987,,False,1,9de6a380,2024-11-19_17-16-27,281.09637427330017,281.09637427330017,33900,MW-PRD-197955,127.0.0.1,281.09637427330017,1,24,24,1,2000,identity,120,1,9,"['seasonality', 'trend', 'identity']",2,1,2,2,16,0.3120597145643051,LeakyReLU,9.97691903630004e-05,6,100,32,9de6a380
250668.46875,1732033675,,False,1,207e82fe,2024-11-19_17-27-55,958.9435753822328,958.9435753822328,28204,MW-PRD-197955,127.0.0.1,958.9435753822328,1,24,24,1,2000,identity,120,1,9,"['seasonality', 'trend', 'identity']",2,1,2,2,256,0.3052524036425134,LeakyReLU,0.0001007705478296,6,100,128,207e82fe
262319.40625,1732033657,,False,1,f87ee0a7,2024-11-19_17-27-37,783.4172668457031,783.4172668457031,22300,MW-PRD-197955,127.0.0.1,783.4172668457031,1,24,24,1,2000,identity,120,1,8,"['seasonality', 'trend', 'identity']",2,1,2,2,256,0.3105600516008569,LeakyReLU,8.106433464380748e-05,6,100,128,f87ee0a7
249446.453125,1732033782,,False,1,ef49df91,2024-11-19_17-29-42,875.336302280426,875.336302280426,31480,MW-PRD-197955,127.0.0.1,875.336302280426,1,24,24,1,2000,identity,120,1,8,"['seasonality', 'trend', 'identity']",2,1,2,2,256,0.3230661551248983,LeakyReLU,8.211117699729907e-05,4,100,128,ef49df91
243530.21875,1732033759,,False,1,ef39c9e8,2024-11-19_17-29-19,823.0914108753204,823.0914108753204,36480,MW-PRD-197955,127.0.0.1,823.0914108753204,1,24,24,1,2000,identity,120,1,9,"['seasonality', 'trend', 'identity']",2,1,2,2,256,0.307383466411918,LeakyReLU,8.332904737632948e-05,5,100,128,ef39c9e8
250512.984375,1732033775,,False,1,4b474fb2,2024-11-19_17-29-35,776.9452359676361,776.9452359676361,2188,MW-PRD-197955,127.0.0.1,776.9452359676361,1,24,24,1,2000,identity,120,1,9,"['seasonality', 'trend', 'identity']",2,1,2,2,256,0.324614063642813,LeakyReLU,7.781185361096002e-05,5,100,128,4b474fb2
252111.515625,1732033833,,False,1,0a357863,2024-11-19_17-30-33,803.5551626682281,803.5551626682281,37056,MW-PRD-197955,127.0.0.1,803.5551626682281,1,24,24,1,2000,identity,120,1,9,"['seasonality', 'trend', 'identity']",2,1,2,2,256,0.3062259880786696,LeakyReLU,8.340536342621454e-05,5,100,128,0a357863
248396.40625,1732034062,,False,1,3cebec68,2024-11-19_17-34-22,808.774106502533,808.774106502533,2724,MW-PRD-197955,127.0.0.1,808.774106502533,1,24,24,1,2000,identity,120,1,8,"['seasonality', 'trend', 'identity']",2,1,2,2,256,0.3264004410039727,LeakyReLU,7.949808718728885e-05,5,100,128,3cebec68
240746.765625,1732034182,,False,1,a9750cbc,2024-11-19_17-36-22,876.260773897171,876.260773897171,17528,MW-PRD-197955,127.0.0.1,876.260773897171,1,24,24,1,2000,identity,120,1,1,"['seasonality', 'trend', 'identity']",2,1,2,2,256,0.3038568942438234,LeakyReLU,8.11826825364579e-05,4,100,128,a9750cbc
245626.28125,1732034637,,False,1,a442bec1,2024-11-19_17-43-57,970.0505197048188,970.0505197048188,35500,MW-PRD-197955,127.0.0.1,970.0505197048188,1,24,24,1,2000,identity,120,1,1,"['seasonality', 'trend', 'identity']",2,1,2,2,256,0.3280285606689271,LeakyReLU,8.104186017637094e-05,4,100,128,a442bec1
245642.734375,1732034650,,False,1,75209ee6,2024-11-19_17-44-10,965.1320562362672,965.1320562362672,34516,MW-PRD-197955,127.0.0.1,965.1320562362672,1,24,24,1,2000,identity,120,1,1,"['seasonality', 'trend', 'identity']",2,1,2,2,256,0.3328180748924388,LeakyReLU,7.985350174429761e-05,4,100,128,75209ee6
245600.1875,1732034607,,False,1,b245b5c8,2024-11-19_17-43-27,837.6145794391632,837.6145794391632,18336,MW-PRD-197955,127.0.0.1,837.6145794391632,1,24,24,1,2000,identity,120,1,9,"['seasonality', 'trend', 'identity']",2,1,2,2,256,0.3255553793254325,ReLU,7.629526244450438e-05,4,100,128,b245b5c8
241641.734375,1732034661,,False,1,d5f0002d,2024-11-19_17-44-21,876.4045090675354,876.4045090675354,19440,MW-PRD-197955,127.0.0.1,876.4045090675354,1,24,24,1,2000,identity,120,1,1,"['seasonality', 'trend', 'identity']",2,1,2,2,256,0.2871433599313743,ReLU,8.635840014251038e-05,4,100,128,d5f0002d
254694.0625,1732034542,,False,1,896baf76,2024-11-19_17-42-22,747.4352192878723,747.4352192878723,11612,MW-PRD-197955,127.0.0.1,747.4352192878723,1,24,24,1,2000,identity,120,1,1,"['seasonality', 'trend', 'identity']",2,1,2,2,256,0.2909255573123505,LeakyReLU,8.673360529631413e-05,5,100,128,896baf76
248686.046875,1732034829,,False,1,7c7e22d3,2024-11-19_17-47-09,985.6002593040466,985.6002593040466,32784,MW-PRD-197955,127.0.0.1,985.6002593040466,1,24,24,1,2000,identity,120,1,1,"['seasonality', 'trend', 'identity']",2,1,2,2,256,0.2873820466627829,LeakyReLU,9.127286135913414e-05,5,100,128,7c7e22d3
253268.1875,1732034838,,False,1,28d038c0,2024-11-19_17-47-18,766.1800849437714,766.1800849437714,5832,MW-PRD-197955,127.0.0.1,766.1800849437714,1,24,24,1,2000,identity,120,1,1,"['seasonality', 'trend', 'identity']",2,1,2,2,256,0.2789690805327187,LeakyReLU,8.845724216782786e-05,5,100,128,28d038c0
245721.015625,1732035067,,False,1,c0b7292a,2024-11-19_17-51-07,874.31627368927,874.31627368927,33556,MW-PRD-197955,127.0.0.1,874.31627368927,1,24,24,1,2000,identity,120,1,1,"['seasonality', 'trend', 'identity']",2,1,2,2,256,0.2907823494116974,ReLU,9.056766416196558e-05,4,100,128,c0b7292a
247813.40625,1732035607,,False,1,c8edd147,2024-11-19_18-00-07,1054.334158658981,1054.334158658981,27536,MW-PRD-197955,127.0.0.1,1054.334158658981,1,24,24,1,2000,identity,120,1,1,"['seasonality', 'trend', 'identity']",2,1,2,2,256,0.2868606121000007,ReLU,5.35692482557716e-05,4,100,128,c8edd147
283242.5,1732034954,,False,1,c6431d2e,2024-11-19_17-49-14,336.55029702186584,336.55029702186584,26928,MW-PRD-197955,127.0.0.1,336.55029702186584,1,24,24,1,2000,identity,120,1,9,"['seasonality', 'trend', 'identity']",2,1,2,2,256,0.3333898253614681,ReLU,0.0001287966352628,4,100,128,c6431d2e
256683.046875,1732036042,,False,1,05b719a2,2024-11-19_18-07-22,1394.432265996933,1394.432265996933,36204,MW-PRD-197955,127.0.0.1,1394.432265996933,1,24,24,1,2000,identity,120,1,1,"['seasonality', 'trend', 'identity']",2,1,2,2,512,0.3323447469133446,ReLU,5.216358384915295e-05,4,100,128,05b719a2
249477.625,1732036031,,False,1,fc55b098,2024-11-19_18-07-11,1371.0983991622925,1371.0983991622925,9248,MW-PRD-197955,127.0.0.1,1371.0983991622925,1,24,24,1,2000,identity,120,1,1,"['seasonality', 'trend', 'identity']",2,1,2,2,512,0.334000125217783,LeakyReLU,5.648378246675506e-05,4,100,128,fc55b098
251317.71875,1732035509,,False,1,073dec2a,2024-11-19_17-58-29,836.9009480476379,836.9009480476379,18256,MW-PRD-197955,127.0.0.1,836.9009480476379,1,24,24,1,2000,identity,120,1,1,"['seasonality', 'trend', 'identity']",2,1,2,2,256,0.3298631477827862,ReLU,7.319346614817747e-05,4,100,128,073dec2a
252919.1875,1732035840,,False,1,32cf3cd4,2024-11-19_18-04-00,1000.7816679477692,1000.7816679477692,1832,MW-PRD-197955,127.0.0.1,1000.7816679477692,1,24,24,1,2000,identity,120,1,1,"['seasonality', 'trend', 'identity']",2,1,2,2,256,0.3334784079758494,ReLU,5.4391079711246015e-05,4,100,128,32cf3cd4
256435.4375,1732035904,,False,1,9d7fd7f1,2024-11-19_18-05-04,1055.154664993286,1055.154664993286,32716,MW-PRD-197955,127.0.0.1,1055.154664993286,1,24,24,1,2000,identity,120,1,1,"['seasonality', 'trend', 'identity']",2,1,2,2,256,0.3343654600600498,ReLU,5.188831574321814e-05,4,100,128,9d7fd7f1
273757.8125,1732035949,,False,1,6525cc53,2024-11-19_18-05-49,984.407808303833,984.407808303833,35472,MW-PRD-197955,127.0.0.1,984.407808303833,1,24,24,1,2000,identity,120,1,1,"['seasonality', 'trend', 'identity']",2,1,2,2,512,0.324539067727033,ReLU,7.012217721272548e-05,4,100,128,6525cc53
253974.046875,1732036130,,False,1,a850bdf6,2024-11-19_18-08-50,1052.315881729126,1052.315881729126,24628,MW-PRD-197955,127.0.0.1,1052.315881729126,1,24,24,1,2000,identity,120,1,1,"['seasonality', 'trend', 'identity']",2,1,2,2,256,0.3395965785818312,ReLU,7.314647506577724e-05,4,100,128,a850bdf6
